Record Length,2.50E+03,,-0.05,-1.2,,Record Length,2.50E+03,,-0.05,7.8
Sample Interval,4.00E-05,,-0.04996,-1.6,,Sample Interval,4.00E-05,,-0.04996,7.6
Trigger Point,1.25E+03,,-0.04992,-1.8,,Trigger Point,1.25E+03,,-0.04992,7.4
,,,-0.04988,-2,,,,,-0.04988,7
,,,-0.04984,-2.2,,,,,-0.04984,6.8
,,,-0.0498,-2.4,,,,,-0.0498,6.6
Source,CH1,,-0.04976,-2.6,,Source,CH2,,-0.04976,6.4
Vertical Units,V,,-0.04972,-2.8,,Vertical Units,V,,-0.04972,5.8
Vertical Scale,5.00E+00,,-0.04968,-3,,Vertical Scale,5.00E+00,,-0.04968,5.8
Vertical Offset,-2.00E-01,,-0.04964,-3.2,,Vertical Offset,-2.00E-01,,-0.04964,5.4
Horizontal Units,s,,-0.0496,-3.6,,Horizontal Units,s,,-0.0496,5.2
Horizontal Scale,1.00E-02,,-0.04956,-3.8,,Horizontal Scale,1.00E-02,,-0.04956,4.8
Pt Fmt,Y,,-0.04952,-4,,Pt Fmt,Y,,-0.04952,4.6
Yzero,0.00E+00,,-0.04948,-4.2,,Yzero,0.00E+00,,-0.04948,4.4
Probe Atten,1.00E+00,,-0.04944,-4.4,,Probe Atten,1.00E+01,,-0.04944,4
Model Number,TDS2002B,,-0.0494,-4.6,,Model Number,TDS2002B,,-0.0494,3.6
Serial Number,C055018,,-0.04936,-4.8,,Serial Number,C055018,,-0.04936,3.4
Firmware Version,FV:v22.11,,-0.04932,-5,,Firmware Version,FV:v22.11,,-0.04932,3.2
,,,-0.04928,-5.2,,,,,-0.04928,2.8
d,2.00E-04,,-0.04924,-5.4,,,,,-0.04924,2.4
CS/A,0.034482759,,-0.0492,-5.6,,,,,-0.0492,2.2
,,,-0.04916,-5.8,,,,,-0.04916,1.6
,,,-0.04912,-6,,,,,-0.04912,1.4
,,,-0.04908,-6.2,,,,,-0.04908,1
,,,-0.04904,-6.4,,,,,-0.04904,0.8
,,,-0.049,-6.6,,,,,-0.049,0.4
,,,-0.04896,-7,,,,,-0.04896,0.2
,,,-0.04892,-7.2,,,,,-0.04892,-0.4
,,,-0.04888,-7.4,,,,,-0.04888,-0.8
,,,-0.04884,-7.4,,,,,-0.04884,-1
,,,-0.0488,-7.8,,,,,-0.0488,-1.2
,,,-0.04876,-8,,,,,-0.04876,-1.6
,,,-0.04872,-8.2,,,,,-0.04872,-2
,,,-0.04868,-8.6,,,,,-0.04868,-2.2
,,,-0.04864,-8.6,,,,,-0.04864,-2.6
,,,-0.0486,-9,,,,,-0.0486,-2.8
,,,-0.04856,-9.2,,,,,-0.04856,-3.2
,,,-0.04852,-9.4,,,,,-0.04852,-3.4
,,,-0.04848,-9.6,,,,,-0.04848,-3.8
,,,-0.04844,-9.6,,,,,-0.04844,-4
,,,-0.0484,-10,,,,,-0.0484,-4.4
,,,-0.04836,-10.2,,,,,-0.04836,-4.6
,,,-0.04832,-10.2,,,,,-0.04832,-4.8
,,,-0.04828,-10.4,,,,,-0.04828,-5.2
,,,-0.04824,-10.6,,,,,-0.04824,-5.4
,,,-0.0482,-10.8,,,,,-0.0482,-5.4
,,,-0.04816,-11,,,,,-0.04816,-5.8
,,,-0.04812,-11.2,,,,,-0.04812,-6
,,,-0.04808,-11.4,,,,,-0.04808,-6.2
,,,-0.04804,-11.6,,,,,-0.04804,-6.4
,,,-0.048,-11.8,,,,,-0.048,-6.6
,,,-0.04796,-12,,,,,-0.04796,-6.6
,,,-0.04792,-12.4,,,,,-0.04792,-7
,,,-0.04788,-12.6,,,,,-0.04788,-7
,,,-0.04784,-12.6,,,,,-0.04784,-7.4
,,,-0.0478,-13,,,,,-0.0478,-7.4
,,,-0.04776,-13.2,,,,,-0.04776,-7.6
,,,-0.04772,-13.2,,,,,-0.04772,-7.8
,,,-0.04768,-13.6,,,,,-0.04768,-7.8
,,,-0.04764,-13.8,,,,,-0.04764,-7.8
,,,-0.0476,-13.8,,,,,-0.0476,-8
,,,-0.04756,-14,,,,,-0.04756,-8.2
,,,-0.04752,-14.2,,,,,-0.04752,-8.2
,,,-0.04748,-14.4,,,,,-0.04748,-8.4
,,,-0.04744,-14.4,,,,,-0.04744,-8.4
,,,-0.0474,-14.6,,,,,-0.0474,-8.4
,,,-0.04736,-14.8,,,,,-0.04736,-8.6
,,,-0.04732,-15,,,,,-0.04732,-8.6
,,,-0.04728,-15,,,,,-0.04728,-8.8
,,,-0.04724,-15.2,,,,,-0.04724,-8.8
,,,-0.0472,-15.4,,,,,-0.0472,-8.8
,,,-0.04716,-15.4,,,,,-0.04716,-8.8
,,,-0.04712,-15.4,,,,,-0.04712,-8.8
,,,-0.04708,-15.8,,,,,-0.04708,-8.8
,,,-0.04704,-15.8,,,,,-0.04704,-9
,,,-0.047,-16,,,,,-0.047,-9
,,,-0.04696,-16,,,,,-0.04696,-9
,,,-0.04692,-16.2,,,,,-0.04692,-9
,,,-0.04688,-16.2,,,,,-0.04688,-9.2
,,,-0.04684,-16.4,,,,,-0.04684,-9.2
,,,-0.0468,-16.4,,,,,-0.0468,-9.4
,,,-0.04676,-16.4,,,,,-0.04676,-9.4
,,,-0.04672,-16.4,,,,,-0.04672,-9.4
,,,-0.04668,-16.6,,,,,-0.04668,-9.2
,,,-0.04664,-16.6,,,,,-0.04664,-9.4
,,,-0.0466,-16.8,,,,,-0.0466,-9.4
,,,-0.04656,-16.8,,,,,-0.04656,-9.2
,,,-0.04652,-16.8,,,,,-0.04652,-9.4
,,,-0.04648,-17,,,,,-0.04648,-9.4
,,,-0.04644,-17.2,,,,,-0.04644,-9.4
,,,-0.0464,-17.2,,,,,-0.0464,-9.4
,,,-0.04636,-17.2,,,,,-0.04636,-9.6
,,,-0.04632,-17.4,,,,,-0.04632,-9.4
,,,-0.04628,-17.4,,,,,-0.04628,-9.4
,,,-0.04624,-17.4,,,,,-0.04624,-9.6
,,,-0.0462,-17.6,,,,,-0.0462,-9.4
,,,-0.04616,-17.6,,,,,-0.04616,-9.6
,,,-0.04612,-17.6,,,,,-0.04612,-9.6
,,,-0.04608,-17.6,,,,,-0.04608,-9.6
,,,-0.04604,-17.6,,,,,-0.04604,-9.4
,,,-0.046,-17.8,,,,,-0.046,-9.4
,,,-0.04596,-17.8,,,,,-0.04596,-9.6
,,,-0.04592,-17.8,,,,,-0.04592,-9.6
,,,-0.04588,-17.8,,,,,-0.04588,-9.6
,,,-0.04584,-17.8,,,,,-0.04584,-9.6
,,,-0.0458,-17.8,,,,,-0.0458,-9.6
,,,-0.04576,-18,,,,,-0.04576,-9.8
,,,-0.04572,-18,,,,,-0.04572,-9.8
,,,-0.04568,-18,,,,,-0.04568,-9.6
,,,-0.04564,-18,,,,,-0.04564,-9.6
,,,-0.0456,-18,,,,,-0.0456,-9.6
,,,-0.04556,-18,,,,,-0.04556,-9.8
,,,-0.04552,-18,,,,,-0.04552,-9.6
,,,-0.04548,-18,,,,,-0.04548,-9.6
,,,-0.04544,-18,,,,,-0.04544,-9.8
,,,-0.0454,-18,,,,,-0.0454,-9.6
,,,-0.04536,-18,,,,,-0.04536,-9.6
,,,-0.04532,-18,,,,,-0.04532,-9.6
,,,-0.04528,-18.2,,,,,-0.04528,-9.8
,,,-0.04524,-18,,,,,-0.04524,-9.8
,,,-0.0452,-18.2,,,,,-0.0452,-9.6
,,,-0.04516,-18.2,,,,,-0.04516,-9.8
,,,-0.04512,-18.2,,,,,-0.04512,-9.8
,,,-0.04508,-18.2,,,,,-0.04508,-9.8
,,,-0.04504,-18,,,,,-0.04504,-9.8
,,,-0.045,-18.2,,,,,-0.045,-9.8
,,,-0.04496,-18.2,,,,,-0.04496,-9.8
,,,-0.04492,-18.2,,,,,-0.04492,-9.8
,,,-0.04488,-18.2,,,,,-0.04488,-9.8
,,,-0.04484,-18.2,,,,,-0.04484,-9.6
,,,-0.0448,-18.2,,,,,-0.0448,-9.6
,,,-0.04476,-18.2,,,,,-0.04476,-9.6
,,,-0.04472,-18.2,,,,,-0.04472,-9.8
,,,-0.04468,-18.2,,,,,-0.04468,-9.8
,,,-0.04464,-18.2,,,,,-0.04464,-9.8
,,,-0.0446,-18.2,,,,,-0.0446,-9.6
,,,-0.04456,-18.2,,,,,-0.04456,-9.8
,,,-0.04452,-18.2,,,,,-0.04452,-9.6
,,,-0.04448,-18.2,,,,,-0.04448,-9.8
,,,-0.04444,-18.2,,,,,-0.04444,-9.8
,,,-0.0444,-18.2,,,,,-0.0444,-9.8
,,,-0.04436,-18.2,,,,,-0.04436,-9.8
,,,-0.04432,-18.2,,,,,-0.04432,-9.8
,,,-0.04428,-18.2,,,,,-0.04428,-9.6
,,,-0.04424,-18.2,,,,,-0.04424,-9.8
,,,-0.0442,-18.2,,,,,-0.0442,-9.8
,,,-0.04416,-18.2,,,,,-0.04416,-9.8
,,,-0.04412,-18.2,,,,,-0.04412,-9.8
,,,-0.04408,-18.2,,,,,-0.04408,-9.8
,,,-0.04404,-18.2,,,,,-0.04404,-9.8
,,,-0.044,-18.2,,,,,-0.044,-9.6
,,,-0.04396,-18,,,,,-0.04396,-9.8
,,,-0.04392,-18,,,,,-0.04392,-10
,,,-0.04388,-18,,,,,-0.04388,-9.8
,,,-0.04384,-18,,,,,-0.04384,-9.8
,,,-0.0438,-17.8,,,,,-0.0438,-9.6
,,,-0.04376,-17.8,,,,,-0.04376,-9.6
,,,-0.04372,-17.6,,,,,-0.04372,-9.8
,,,-0.04368,-17.4,,,,,-0.04368,-9.8
,,,-0.04364,-17.2,,,,,-0.04364,-9.8
,,,-0.0436,-17,,,,,-0.0436,-9.8
,,,-0.04356,-16.8,,,,,-0.04356,-9.6
,,,-0.04352,-16.6,,,,,-0.04352,-9.6
,,,-0.04348,-16.2,,,,,-0.04348,-9.6
,,,-0.04344,-16.2,,,,,-0.04344,-9.8
,,,-0.0434,-16,,,,,-0.0434,-9.6
,,,-0.04336,-15.8,,,,,-0.04336,-9.6
,,,-0.04332,-15.6,,,,,-0.04332,-9.6
,,,-0.04328,-15.6,,,,,-0.04328,-9.4
,,,-0.04324,-15.4,,,,,-0.04324,-9.6
,,,-0.0432,-15.4,,,,,-0.0432,-9.6
,,,-0.04316,-15.2,,,,,-0.04316,-9.6
,,,-0.04312,-15,,,,,-0.04312,-9.4
,,,-0.04308,-15,,,,,-0.04308,-9.8
,,,-0.04304,-14.8,,,,,-0.04304,-9.6
,,,-0.043,-14.6,,,,,-0.043,-9.6
,,,-0.04296,-14.6,,,,,-0.04296,-9.4
,,,-0.04292,-14.4,,,,,-0.04292,-9.6
,,,-0.04288,-14.2,,,,,-0.04288,-9.6
,,,-0.04284,-14,,,,,-0.04284,-9.6
,,,-0.0428,-13.8,,,,,-0.0428,-9.4
,,,-0.04276,-13.8,,,,,-0.04276,-9.6
,,,-0.04272,-13.6,,,,,-0.04272,-9.6
,,,-0.04268,-13.4,,,,,-0.04268,-9.6
,,,-0.04264,-13.2,,,,,-0.04264,-9.6
,,,-0.0426,-13,,,,,-0.0426,-9.6
,,,-0.04256,-12.8,,,,,-0.04256,-9.6
,,,-0.04252,-12.6,,,,,-0.04252,-9.4
,,,-0.04248,-12.4,,,,,-0.04248,-9.4
,,,-0.04244,-12.2,,,,,-0.04244,-9.4
,,,-0.0424,-12,,,,,-0.0424,-9.4
,,,-0.04236,-11.8,,,,,-0.04236,-9.4
,,,-0.04232,-11.6,,,,,-0.04232,-9.4
,,,-0.04228,-11.4,,,,,-0.04228,-9.4
,,,-0.04224,-11.2,,,,,-0.04224,-9.4
,,,-0.0422,-11.2,,,,,-0.0422,-9.4
,,,-0.04216,-10.8,,,,,-0.04216,-9.4
,,,-0.04212,-10.6,,,,,-0.04212,-9.4
,,,-0.04208,-10.4,,,,,-0.04208,-9.4
,,,-0.04204,-10.2,,,,,-0.04204,-9.4
,,,-0.042,-10,,,,,-0.042,-9.2
,,,-0.04196,-9.8,,,,,-0.04196,-9.2
,,,-0.04192,-9.6,,,,,-0.04192,-9.4
,,,-0.04188,-9.4,,,,,-0.04188,-9.2
,,,-0.04184,-9,,,,,-0.04184,-9.2
,,,-0.0418,-9,,,,,-0.0418,-9.4
,,,-0.04176,-8.6,,,,,-0.04176,-9.2
,,,-0.04172,-8.6,,,,,-0.04172,-9.2
,,,-0.04168,-8.2,,,,,-0.04168,-9.4
,,,-0.04164,-8,,,,,-0.04164,-9.2
,,,-0.0416,-7.8,,,,,-0.0416,-9.2
,,,-0.04156,-7.6,,,,,-0.04156,-9
,,,-0.04152,-7.4,,,,,-0.04152,-9.2
,,,-0.04148,-7.4,,,,,-0.04148,-9.2
,,,-0.04144,-7,,,,,-0.04144,-9
,,,-0.0414,-6.8,,,,,-0.0414,-9.2
,,,-0.04136,-6.6,,,,,-0.04136,-9
,,,-0.04132,-6.4,,,,,-0.04132,-9.2
,,,-0.04128,-6.2,,,,,-0.04128,-9.2
,,,-0.04124,-5.8,,,,,-0.04124,-9
,,,-0.0412,-5.6,,,,,-0.0412,-9
,,,-0.04116,-5.6,,,,,-0.04116,-9
,,,-0.04112,-5.2,,,,,-0.04112,-9
,,,-0.04108,-5,,,,,-0.04108,-9
,,,-0.04104,-4.8,,,,,-0.04104,-8.8
,,,-0.041,-4.6,,,,,-0.041,-8.8
,,,-0.04096,-4.4,,,,,-0.04096,-9
,,,-0.04092,-4.2,,,,,-0.04092,-9
,,,-0.04088,-4,,,,,-0.04088,-9
,,,-0.04084,-3.8,,,,,-0.04084,-9
,,,-0.0408,-3.4,,,,,-0.0408,-9
,,,-0.04076,-3.2,,,,,-0.04076,-9
,,,-0.04072,-2.8,,,,,-0.04072,-8.8
,,,-0.04068,-2.6,,,,,-0.04068,-8.8
,,,-0.04064,-2.4,,,,,-0.04064,-8.8
,,,-0.0406,-2.2,,,,,-0.0406,-8.8
,,,-0.04056,-2,,,,,-0.04056,-8.8
,,,-0.04052,-1.8,,,,,-0.04052,-8.8
,,,-0.04048,-1.4,,,,,-0.04048,-8.8
,,,-0.04044,-1.2,,,,,-0.04044,-8.8
,,,-0.0404,-1,,,,,-0.0404,-8.6
,,,-0.04036,-0.8,,,,,-0.04036,-8.6
,,,-0.04032,-0.4,,,,,-0.04032,-8.6
,,,-0.04028,-0.2,,,,,-0.04028,-8.6
,,,-0.04024,0,,,,,-0.04024,-8.6
,,,-0.0402,0.4,,,,,-0.0402,-8.6
,,,-0.04016,0.6,,,,,-0.04016,-8.4
,,,-0.04012,0.8,,,,,-0.04012,-8.2
,,,-0.04008,1,,,,,-0.04008,-8
,,,-0.04004,1.2,,,,,-0.04004,-7.8
,,,-0.04,1.4,,,,,-0.04,-7.6
,,,-0.03996,1.6,,,,,-0.03996,-7.2
,,,-0.03992,1.8,,,,,-0.03992,-7.2
,,,-0.03988,2,,,,,-0.03988,-7
,,,-0.03984,2.2,,,,,-0.03984,-6.6
,,,-0.0398,2.4,,,,,-0.0398,-6.4
,,,-0.03976,2.8,,,,,-0.03976,-6.2
,,,-0.03972,3,,,,,-0.03972,-6.2
,,,-0.03968,3.2,,,,,-0.03968,-5.8
,,,-0.03964,3.2,,,,,-0.03964,-5.4
,,,-0.0396,3.6,,,,,-0.0396,-5.2
,,,-0.03956,3.8,,,,,-0.03956,-4.8
,,,-0.03952,4,,,,,-0.03952,-4.6
,,,-0.03948,4.2,,,,,-0.03948,-4.4
,,,-0.03944,4.6,,,,,-0.03944,-4
,,,-0.0394,4.8,,,,,-0.0394,-3.8
,,,-0.03936,5,,,,,-0.03936,-3.4
,,,-0.03932,5,,,,,-0.03932,-3
,,,-0.03928,5.2,,,,,-0.03928,-2.6
,,,-0.03924,5.6,,,,,-0.03924,-2.6
,,,-0.0392,5.8,,,,,-0.0392,-2
,,,-0.03916,6,,,,,-0.03916,-1.6
,,,-0.03912,6,,,,,-0.03912,-1.4
,,,-0.03908,6.4,,,,,-0.03908,-1
,,,-0.03904,6.6,,,,,-0.03904,-0.8
,,,-0.039,6.8,,,,,-0.039,-0.4
,,,-0.03896,7,,,,,-0.03896,0
,,,-0.03892,7.2,,,,,-0.03892,0.2
,,,-0.03888,7.4,,,,,-0.03888,0.8
,,,-0.03884,7.6,,,,,-0.03884,1
,,,-0.0388,8,,,,,-0.0388,1.2
,,,-0.03876,8.2,,,,,-0.03876,1.6
,,,-0.03872,8.4,,,,,-0.03872,1.8
,,,-0.03868,8.6,,,,,-0.03868,2.2
,,,-0.03864,8.8,,,,,-0.03864,2.6
,,,-0.0386,9,,,,,-0.0386,3
,,,-0.03856,9.2,,,,,-0.03856,3.2
,,,-0.03852,9.4,,,,,-0.03852,3.4
,,,-0.03848,9.6,,,,,-0.03848,3.8
,,,-0.03844,10,,,,,-0.03844,4
,,,-0.0384,10,,,,,-0.0384,4.4
,,,-0.03836,10.4,,,,,-0.03836,4.6
,,,-0.03832,10.4,,,,,-0.03832,4.8
,,,-0.03828,10.6,,,,,-0.03828,5.2
,,,-0.03824,10.8,,,,,-0.03824,5.4
,,,-0.0382,10.8,,,,,-0.0382,5.8
,,,-0.03816,11,,,,,-0.03816,5.8
,,,-0.03812,11.2,,,,,-0.03812,6.2
,,,-0.03808,11.4,,,,,-0.03808,6.2
,,,-0.03804,11.6,,,,,-0.03804,6.4
,,,-0.038,11.8,,,,,-0.038,6.6
,,,-0.03796,12.2,,,,,-0.03796,6.8
,,,-0.03792,12.4,,,,,-0.03792,7.2
,,,-0.03788,12.6,,,,,-0.03788,7.2
,,,-0.03784,12.8,,,,,-0.03784,7.4
,,,-0.0378,13,,,,,-0.0378,7.6
,,,-0.03776,13.2,,,,,-0.03776,7.6
,,,-0.03772,13.4,,,,,-0.03772,7.8
,,,-0.03768,13.6,,,,,-0.03768,8
,,,-0.03764,13.8,,,,,-0.03764,8.2
,,,-0.0376,14,,,,,-0.0376,8.4
,,,-0.03756,14,,,,,-0.03756,8.4
,,,-0.03752,14.2,,,,,-0.03752,8.4
,,,-0.03748,14.4,,,,,-0.03748,8.6
,,,-0.03744,14.6,,,,,-0.03744,8.6
,,,-0.0374,14.8,,,,,-0.0374,8.6
,,,-0.03736,15,,,,,-0.03736,8.6
,,,-0.03732,15.2,,,,,-0.03732,8.8
,,,-0.03728,15.4,,,,,-0.03728,8.8
,,,-0.03724,15.4,,,,,-0.03724,9
,,,-0.0372,15.6,,,,,-0.0372,9
,,,-0.03716,15.8,,,,,-0.03716,9
,,,-0.03712,15.8,,,,,-0.03712,9.2
,,,-0.03708,15.8,,,,,-0.03708,9.2
,,,-0.03704,16,,,,,-0.03704,9.2
,,,-0.037,16,,,,,-0.037,9.2
,,,-0.03696,16.2,,,,,-0.03696,9.2
,,,-0.03692,16.4,,,,,-0.03692,9.2
,,,-0.03688,16.4,,,,,-0.03688,9.4
,,,-0.03684,16.6,,,,,-0.03684,9.4
,,,-0.0368,16.8,,,,,-0.0368,9.4
,,,-0.03676,16.8,,,,,-0.03676,9.4
,,,-0.03672,16.8,,,,,-0.03672,9.4
,,,-0.03668,16.8,,,,,-0.03668,9.4
,,,-0.03664,16.8,,,,,-0.03664,9.4
,,,-0.0366,17,,,,,-0.0366,9.6
,,,-0.03656,17,,,,,-0.03656,9.6
,,,-0.03652,17.2,,,,,-0.03652,9.6
,,,-0.03648,17.2,,,,,-0.03648,9.6
,,,-0.03644,17.4,,,,,-0.03644,9.8
,,,-0.0364,17.4,,,,,-0.0364,9.6
,,,-0.03636,17.4,,,,,-0.03636,9.6
,,,-0.03632,17.6,,,,,-0.03632,9.6
,,,-0.03628,17.6,,,,,-0.03628,9.6
,,,-0.03624,17.6,,,,,-0.03624,9.6
,,,-0.0362,17.6,,,,,-0.0362,9.8
,,,-0.03616,17.6,,,,,-0.03616,9.6
,,,-0.03612,17.8,,,,,-0.03612,9.6
,,,-0.03608,17.8,,,,,-0.03608,9.8
,,,-0.03604,17.8,,,,,-0.03604,9.6
,,,-0.036,18,,,,,-0.036,9.8
,,,-0.03596,17.8,,,,,-0.03596,9.8
,,,-0.03592,18,,,,,-0.03592,9.8
,,,-0.03588,18,,,,,-0.03588,9.8
,,,-0.03584,18,,,,,-0.03584,9.8
,,,-0.0358,18,,,,,-0.0358,9.8
,,,-0.03576,18.2,,,,,-0.03576,9.8
,,,-0.03572,18,,,,,-0.03572,9.8
,,,-0.03568,18.2,,,,,-0.03568,9.8
,,,-0.03564,18,,,,,-0.03564,9.8
,,,-0.0356,18.2,,,,,-0.0356,9.8
,,,-0.03556,18.4,,,,,-0.03556,9.8
,,,-0.03552,18.2,,,,,-0.03552,9.8
,,,-0.03548,18.2,,,,,-0.03548,10
,,,-0.03544,18.2,,,,,-0.03544,9.8
,,,-0.0354,18.2,,,,,-0.0354,9.8
,,,-0.03536,18.2,,,,,-0.03536,9.8
,,,-0.03532,18.4,,,,,-0.03532,9.8
,,,-0.03528,18.4,,,,,-0.03528,9.8
,,,-0.03524,18.4,,,,,-0.03524,9.8
,,,-0.0352,18.4,,,,,-0.0352,10
,,,-0.03516,18.4,,,,,-0.03516,10
,,,-0.03512,18.4,,,,,-0.03512,9.8
,,,-0.03508,18.4,,,,,-0.03508,10
,,,-0.03504,18.4,,,,,-0.03504,10
,,,-0.035,18.4,,,,,-0.035,9.8
,,,-0.03496,18.4,,,,,-0.03496,9.8
,,,-0.03492,18.4,,,,,-0.03492,10
,,,-0.03488,18.4,,,,,-0.03488,9.8
,,,-0.03484,18.4,,,,,-0.03484,10
,,,-0.0348,18.4,,,,,-0.0348,9.8
,,,-0.03476,18.4,,,,,-0.03476,10
,,,-0.03472,18.4,,,,,-0.03472,10
,,,-0.03468,18.4,,,,,-0.03468,10
,,,-0.03464,18.4,,,,,-0.03464,10
,,,-0.0346,18.6,,,,,-0.0346,9.8
,,,-0.03456,18.6,,,,,-0.03456,9.8
,,,-0.03452,18.6,,,,,-0.03452,9.8
,,,-0.03448,18.4,,,,,-0.03448,9.8
,,,-0.03444,18.4,,,,,-0.03444,9.8
,,,-0.0344,18.4,,,,,-0.0344,10
,,,-0.03436,18.4,,,,,-0.03436,10
,,,-0.03432,18.4,,,,,-0.03432,10
,,,-0.03428,18.4,,,,,-0.03428,9.8
,,,-0.03424,18.6,,,,,-0.03424,10.2
,,,-0.0342,18.6,,,,,-0.0342,9.8
,,,-0.03416,18.4,,,,,-0.03416,10
,,,-0.03412,18.4,,,,,-0.03412,10
,,,-0.03408,18.4,,,,,-0.03408,9.8
,,,-0.03404,18.4,,,,,-0.03404,10
,,,-0.034,18.4,,,,,-0.034,10
,,,-0.03396,18.4,,,,,-0.03396,10
,,,-0.03392,18.2,,,,,-0.03392,9.8
,,,-0.03388,18.2,,,,,-0.03388,10.2
,,,-0.03384,18.2,,,,,-0.03384,10
,,,-0.0338,18,,,,,-0.0338,10
,,,-0.03376,17.8,,,,,-0.03376,10
,,,-0.03372,17.8,,,,,-0.03372,10
,,,-0.03368,17.6,,,,,-0.03368,10
,,,-0.03364,17.4,,,,,-0.03364,9.8
,,,-0.0336,17,,,,,-0.0336,9.8
,,,-0.03356,16.8,,,,,-0.03356,9.8
,,,-0.03352,16.8,,,,,-0.03352,9.8
,,,-0.03348,16.6,,,,,-0.03348,9.8
,,,-0.03344,16.4,,,,,-0.03344,9.8
,,,-0.0334,16.2,,,,,-0.0334,9.8
,,,-0.03336,16,,,,,-0.03336,9.8
,,,-0.03332,15.8,,,,,-0.03332,9.8
,,,-0.03328,15.8,,,,,-0.03328,10
,,,-0.03324,15.8,,,,,-0.03324,9.8
,,,-0.0332,15.6,,,,,-0.0332,9.8
,,,-0.03316,15.4,,,,,-0.03316,9.8
,,,-0.03312,15.4,,,,,-0.03312,9.8
,,,-0.03308,15.2,,,,,-0.03308,9.8
,,,-0.03304,15,,,,,-0.03304,9.8
,,,-0.033,14.8,,,,,-0.033,9.8
,,,-0.03296,14.8,,,,,-0.03296,9.8
,,,-0.03292,14.4,,,,,-0.03292,9.8
,,,-0.03288,14.2,,,,,-0.03288,9.6
,,,-0.03284,14.2,,,,,-0.03284,9.8
,,,-0.0328,14,,,,,-0.0328,9.8
,,,-0.03276,13.8,,,,,-0.03276,9.8
,,,-0.03272,13.6,,,,,-0.03272,9.8
,,,-0.03268,13.4,,,,,-0.03268,9.8
,,,-0.03264,13.4,,,,,-0.03264,9.6
,,,-0.0326,13.2,,,,,-0.0326,9.8
,,,-0.03256,13,,,,,-0.03256,9.6
,,,-0.03252,12.6,,,,,-0.03252,9.8
,,,-0.03248,12.6,,,,,-0.03248,9.6
,,,-0.03244,12.4,,,,,-0.03244,9.6
,,,-0.0324,12.2,,,,,-0.0324,9.8
,,,-0.03236,12,,,,,-0.03236,9.8
,,,-0.03232,11.8,,,,,-0.03232,9.4
,,,-0.03228,11.6,,,,,-0.03228,9.6
,,,-0.03224,11.2,,,,,-0.03224,9.6
,,,-0.0322,11,,,,,-0.0322,9.6
,,,-0.03216,10.8,,,,,-0.03216,9.6
,,,-0.03212,10.6,,,,,-0.03212,9.6
,,,-0.03208,10.6,,,,,-0.03208,9.4
,,,-0.03204,10.4,,,,,-0.03204,9.4
,,,-0.032,10.2,,,,,-0.032,9.6
,,,-0.03196,10,,,,,-0.03196,9.6
,,,-0.03192,9.8,,,,,-0.03192,9.6
,,,-0.03188,9.4,,,,,-0.03188,9.6
,,,-0.03184,9.2,,,,,-0.03184,9.4
,,,-0.0318,9,,,,,-0.0318,9.6
,,,-0.03176,8.8,,,,,-0.03176,9.6
,,,-0.03172,8.6,,,,,-0.03172,9.6
,,,-0.03168,8.6,,,,,-0.03168,9.4
,,,-0.03164,8.2,,,,,-0.03164,9.4
,,,-0.0316,8.2,,,,,-0.0316,9.2
,,,-0.03156,7.8,,,,,-0.03156,9.4
,,,-0.03152,7.6,,,,,-0.03152,9.4
,,,-0.03148,7.4,,,,,-0.03148,9.4
,,,-0.03144,7.2,,,,,-0.03144,9.4
,,,-0.0314,7,,,,,-0.0314,9.4
,,,-0.03136,6.8,,,,,-0.03136,9.4
,,,-0.03132,6.6,,,,,-0.03132,9.4
,,,-0.03128,6.2,,,,,-0.03128,9.4
,,,-0.03124,6,,,,,-0.03124,9.2
,,,-0.0312,5.8,,,,,-0.0312,9.2
,,,-0.03116,5.6,,,,,-0.03116,9.4
,,,-0.03112,5.4,,,,,-0.03112,9.2
,,,-0.03108,5.2,,,,,-0.03108,9.2
,,,-0.03104,5,,,,,-0.03104,9.4
,,,-0.031,4.8,,,,,-0.031,9
,,,-0.03096,4.6,,,,,-0.03096,9.2
,,,-0.03092,4.4,,,,,-0.03092,9
,,,-0.03088,4.2,,,,,-0.03088,9.2
,,,-0.03084,3.8,,,,,-0.03084,9
,,,-0.0308,3.6,,,,,-0.0308,9
,,,-0.03076,3.2,,,,,-0.03076,9
,,,-0.03072,3,,,,,-0.03072,9
,,,-0.03068,2.8,,,,,-0.03068,9
,,,-0.03064,2.6,,,,,-0.03064,9
,,,-0.0306,2.2,,,,,-0.0306,9
,,,-0.03056,2,,,,,-0.03056,8.8
,,,-0.03052,1.8,,,,,-0.03052,9
,,,-0.03048,1.6,,,,,-0.03048,9
,,,-0.03044,1.4,,,,,-0.03044,9
,,,-0.0304,1.2,,,,,-0.0304,8.8
,,,-0.03036,0.8,,,,,-0.03036,8.8
,,,-0.03032,0.6,,,,,-0.03032,8.8
,,,-0.03028,0.2,,,,,-0.03028,8.8
,,,-0.03024,0,,,,,-0.03024,8.8
,,,-0.0302,-0.2,,,,,-0.0302,8.6
,,,-0.03016,-0.6,,,,,-0.03016,8.4
,,,-0.03012,-0.8,,,,,-0.03012,8.4
,,,-0.03008,-1,,,,,-0.03008,8
,,,-0.03004,-1,,,,,-0.03004,7.8
,,,-0.03,-1.4,,,,,-0.03,7.6
,,,-0.02996,-1.6,,,,,-0.02996,7.6
,,,-0.02992,-1.8,,,,,-0.02992,7.2
,,,-0.02988,-2,,,,,-0.02988,7.2
,,,-0.02984,-2.2,,,,,-0.02984,7
,,,-0.0298,-2.4,,,,,-0.0298,6.4
,,,-0.02976,-2.8,,,,,-0.02976,6.2
,,,-0.02972,-2.8,,,,,-0.02972,6
,,,-0.02968,-3,,,,,-0.02968,5.8
,,,-0.02964,-3.2,,,,,-0.02964,5.6
,,,-0.0296,-3.6,,,,,-0.0296,5.2
,,,-0.02956,-3.6,,,,,-0.02956,4.8
,,,-0.02952,-3.8,,,,,-0.02952,4.8
,,,-0.02948,-4.2,,,,,-0.02948,4.6
,,,-0.02944,-4.4,,,,,-0.02944,4
,,,-0.0294,-4.6,,,,,-0.0294,3.6
,,,-0.02936,-4.8,,,,,-0.02936,3.6
,,,-0.02932,-5,,,,,-0.02932,3
,,,-0.02928,-5.2,,,,,-0.02928,2.8
,,,-0.02924,-5.4,,,,,-0.02924,2.4
,,,-0.0292,-5.6,,,,,-0.0292,2.2
,,,-0.02916,-5.8,,,,,-0.02916,1.8
,,,-0.02912,-6,,,,,-0.02912,1.4
,,,-0.02908,-6.2,,,,,-0.02908,1.2
,,,-0.02904,-6.4,,,,,-0.02904,0.8
,,,-0.029,-6.8,,,,,-0.029,0.6
,,,-0.02896,-6.8,,,,,-0.02896,0
,,,-0.02892,-7.2,,,,,-0.02892,-0.2
,,,-0.02888,-7.4,,,,,-0.02888,-0.4
,,,-0.02884,-7.6,,,,,-0.02884,-1
,,,-0.0288,-7.8,,,,,-0.0288,-1.2
,,,-0.02876,-8,,,,,-0.02876,-1.4
,,,-0.02872,-8.2,,,,,-0.02872,-1.8
,,,-0.02868,-8.4,,,,,-0.02868,-2.2
,,,-0.02864,-8.6,,,,,-0.02864,-2.6
,,,-0.0286,-9,,,,,-0.0286,-2.8
,,,-0.02856,-9.2,,,,,-0.02856,-3
,,,-0.02852,-9.4,,,,,-0.02852,-3.4
,,,-0.02848,-9.6,,,,,-0.02848,-3.8
,,,-0.02844,-9.8,,,,,-0.02844,-4
,,,-0.0284,-10,,,,,-0.0284,-4.4
,,,-0.02836,-10,,,,,-0.02836,-4.6
,,,-0.02832,-10.4,,,,,-0.02832,-4.8
,,,-0.02828,-10.4,,,,,-0.02828,-5
,,,-0.02824,-10.6,,,,,-0.02824,-5.4
,,,-0.0282,-10.8,,,,,-0.0282,-5.6
,,,-0.02816,-11,,,,,-0.02816,-5.8
,,,-0.02812,-11.2,,,,,-0.02812,-6
,,,-0.02808,-11.4,,,,,-0.02808,-6.2
,,,-0.02804,-11.6,,,,,-0.02804,-6.4
,,,-0.028,-11.8,,,,,-0.028,-6.6
,,,-0.02796,-12,,,,,-0.02796,-6.8
,,,-0.02792,-12.4,,,,,-0.02792,-6.8
,,,-0.02788,-12.6,,,,,-0.02788,-7
,,,-0.02784,-12.8,,,,,-0.02784,-7.4
,,,-0.0278,-13,,,,,-0.0278,-7.4
,,,-0.02776,-13,,,,,-0.02776,-7.4
,,,-0.02772,-13.2,,,,,-0.02772,-7.6
,,,-0.02768,-13.4,,,,,-0.02768,-7.8
,,,-0.02764,-13.8,,,,,-0.02764,-8
,,,-0.0276,-13.8,,,,,-0.0276,-8.2
,,,-0.02756,-14,,,,,-0.02756,-8.2
,,,-0.02752,-14.2,,,,,-0.02752,-8.2
,,,-0.02748,-14.2,,,,,-0.02748,-8.4
,,,-0.02744,-14.4,,,,,-0.02744,-8.4
,,,-0.0274,-14.6,,,,,-0.0274,-8.4
,,,-0.02736,-14.8,,,,,-0.02736,-8.6
,,,-0.02732,-14.8,,,,,-0.02732,-8.6
,,,-0.02728,-15,,,,,-0.02728,-8.8
,,,-0.02724,-15.2,,,,,-0.02724,-8.8
,,,-0.0272,-15.4,,,,,-0.0272,-8.8
,,,-0.02716,-15.4,,,,,-0.02716,-8.8
,,,-0.02712,-15.6,,,,,-0.02712,-8.8
,,,-0.02708,-15.6,,,,,-0.02708,-8.8
,,,-0.02704,-15.8,,,,,-0.02704,-9
,,,-0.027,-16,,,,,-0.027,-9
,,,-0.02696,-16,,,,,-0.02696,-9
,,,-0.02692,-16.2,,,,,-0.02692,-9.2
,,,-0.02688,-16.2,,,,,-0.02688,-9.2
,,,-0.02684,-16.4,,,,,-0.02684,-9
,,,-0.0268,-16.4,,,,,-0.0268,-9.2
,,,-0.02676,-16.4,,,,,-0.02676,-9.2
,,,-0.02672,-16.6,,,,,-0.02672,-9.2
,,,-0.02668,-16.6,,,,,-0.02668,-9.2
,,,-0.02664,-16.8,,,,,-0.02664,-9.2
,,,-0.0266,-16.8,,,,,-0.0266,-9.2
,,,-0.02656,-16.8,,,,,-0.02656,-9.4
,,,-0.02652,-16.8,,,,,-0.02652,-9.4
,,,-0.02648,-17,,,,,-0.02648,-9.4
,,,-0.02644,-17,,,,,-0.02644,-9.4
,,,-0.0264,-17.2,,,,,-0.0264,-9.2
,,,-0.02636,-17.2,,,,,-0.02636,-9.4
,,,-0.02632,-17.2,,,,,-0.02632,-9.6
,,,-0.02628,-17.4,,,,,-0.02628,-9.4
,,,-0.02624,-17.4,,,,,-0.02624,-9.6
,,,-0.0262,-17.6,,,,,-0.0262,-9.6
,,,-0.02616,-17.6,,,,,-0.02616,-9.4
,,,-0.02612,-17.4,,,,,-0.02612,-9.6
,,,-0.02608,-17.6,,,,,-0.02608,-9.6
,,,-0.02604,-17.6,,,,,-0.02604,-9.6
,,,-0.026,-17.8,,,,,-0.026,-9.6
,,,-0.02596,-17.6,,,,,-0.02596,-9.6
,,,-0.02592,-17.8,,,,,-0.02592,-9.6
,,,-0.02588,-17.8,,,,,-0.02588,-9.6
,,,-0.02584,-18,,,,,-0.02584,-9.4
,,,-0.0258,-17.8,,,,,-0.0258,-9.4
,,,-0.02576,-18,,,,,-0.02576,-9.6
,,,-0.02572,-18,,,,,-0.02572,-9.6
,,,-0.02568,-18,,,,,-0.02568,-9.8
,,,-0.02564,-18,,,,,-0.02564,-9.6
,,,-0.0256,-18,,,,,-0.0256,-9.6
,,,-0.02556,-18,,,,,-0.02556,-9.6
,,,-0.02552,-18,,,,,-0.02552,-9.6
,,,-0.02548,-18,,,,,-0.02548,-9.8
,,,-0.02544,-18,,,,,-0.02544,-9.6
,,,-0.0254,-18,,,,,-0.0254,-9.8
,,,-0.02536,-18,,,,,-0.02536,-9.6
,,,-0.02532,-18.2,,,,,-0.02532,-9.6
,,,-0.02528,-18,,,,,-0.02528,-9.8
,,,-0.02524,-18,,,,,-0.02524,-9.8
,,,-0.0252,-18,,,,,-0.0252,-9.8
,,,-0.02516,-18.2,,,,,-0.02516,-9.8
,,,-0.02512,-18,,,,,-0.02512,-9.8
,,,-0.02508,-18.2,,,,,-0.02508,-9.8
,,,-0.02504,-18.2,,,,,-0.02504,-9.8
,,,-0.025,-18.2,,,,,-0.025,-9.8
,,,-0.02496,-18.2,,,,,-0.02496,-9.6
,,,-0.02492,-18.2,,,,,-0.02492,-9.8
,,,-0.02488,-18.2,,,,,-0.02488,-9.6
,,,-0.02484,-18.2,,,,,-0.02484,-9.8
,,,-0.0248,-18.2,,,,,-0.0248,-9.6
,,,-0.02476,-18.2,,,,,-0.02476,-9.8
,,,-0.02472,-18.2,,,,,-0.02472,-9.8
,,,-0.02468,-18.2,,,,,-0.02468,-9.8
,,,-0.02464,-18.2,,,,,-0.02464,-9.8
,,,-0.0246,-18.2,,,,,-0.0246,-9.8
,,,-0.02456,-18.2,,,,,-0.02456,-9.8
,,,-0.02452,-18.2,,,,,-0.02452,-9.8
,,,-0.02448,-18.2,,,,,-0.02448,-9.8
,,,-0.02444,-18.2,,,,,-0.02444,-9.8
,,,-0.0244,-18.2,,,,,-0.0244,-9.8
,,,-0.02436,-18.2,,,,,-0.02436,-9.8
,,,-0.02432,-18.2,,,,,-0.02432,-9.6
,,,-0.02428,-18.2,,,,,-0.02428,-9.8
,,,-0.02424,-18.2,,,,,-0.02424,-9.8
,,,-0.0242,-18.2,,,,,-0.0242,-9.8
,,,-0.02416,-18.2,,,,,-0.02416,-9.8
,,,-0.02412,-18.2,,,,,-0.02412,-9.8
,,,-0.02408,-18.2,,,,,-0.02408,-9.6
,,,-0.02404,-18.2,,,,,-0.02404,-9.8
,,,-0.024,-18.2,,,,,-0.024,-9.8
,,,-0.02396,-18,,,,,-0.02396,-9.6
,,,-0.02392,-18,,,,,-0.02392,-9.8
,,,-0.02388,-18,,,,,-0.02388,-9.8
,,,-0.02384,-18,,,,,-0.02384,-9.8
,,,-0.0238,-17.8,,,,,-0.0238,-9.6
,,,-0.02376,-17.6,,,,,-0.02376,-9.8
,,,-0.02372,-17.6,,,,,-0.02372,-9.8
,,,-0.02368,-17.4,,,,,-0.02368,-9.8
,,,-0.02364,-17.2,,,,,-0.02364,-9.8
,,,-0.0236,-17,,,,,-0.0236,-9.6
,,,-0.02356,-16.8,,,,,-0.02356,-9.8
,,,-0.02352,-16.6,,,,,-0.02352,-9.6
,,,-0.02348,-16.2,,,,,-0.02348,-9.8
,,,-0.02344,-16.2,,,,,-0.02344,-9.6
,,,-0.0234,-16,,,,,-0.0234,-9.6
,,,-0.02336,-15.8,,,,,-0.02336,-9.6
,,,-0.02332,-15.8,,,,,-0.02332,-9.6
,,,-0.02328,-15.6,,,,,-0.02328,-9.8
,,,-0.02324,-15.4,,,,,-0.02324,-9.6
,,,-0.0232,-15.4,,,,,-0.0232,-9.8
,,,-0.02316,-15.2,,,,,-0.02316,-9.8
,,,-0.02312,-15,,,,,-0.02312,-9.6
,,,-0.02308,-14.8,,,,,-0.02308,-9.6
,,,-0.02304,-14.8,,,,,-0.02304,-9.6
,,,-0.023,-14.6,,,,,-0.023,-9.6
,,,-0.02296,-14.6,,,,,-0.02296,-9.4
,,,-0.02292,-14.4,,,,,-0.02292,-9.4
,,,-0.02288,-14.4,,,,,-0.02288,-9.6
,,,-0.02284,-14,,,,,-0.02284,-9.6
,,,-0.0228,-13.8,,,,,-0.0228,-9.8
,,,-0.02276,-13.8,,,,,-0.02276,-9.6
,,,-0.02272,-13.6,,,,,-0.02272,-9.4
,,,-0.02268,-13.4,,,,,-0.02268,-9.6
,,,-0.02264,-13.2,,,,,-0.02264,-9.4
,,,-0.0226,-13,,,,,-0.0226,-9.6
,,,-0.02256,-12.8,,,,,-0.02256,-9.4
,,,-0.02252,-12.6,,,,,-0.02252,-9.4
,,,-0.02248,-12.4,,,,,-0.02248,-9.4
,,,-0.02244,-12.2,,,,,-0.02244,-9.6
,,,-0.0224,-12,,,,,-0.0224,-9.4
,,,-0.02236,-11.8,,,,,-0.02236,-9.6
,,,-0.02232,-11.6,,,,,-0.02232,-9.4
,,,-0.02228,-11.4,,,,,-0.02228,-9.2
,,,-0.02224,-11.2,,,,,-0.02224,-9.4
,,,-0.0222,-11,,,,,-0.0222,-9.4
,,,-0.02216,-10.8,,,,,-0.02216,-9.4
,,,-0.02212,-10.8,,,,,-0.02212,-9.4
,,,-0.02208,-10.4,,,,,-0.02208,-9.4
,,,-0.02204,-10.2,,,,,-0.02204,-9.2
,,,-0.022,-10,,,,,-0.022,-9.2
,,,-0.02196,-9.8,,,,,-0.02196,-9.4
,,,-0.02192,-9.6,,,,,-0.02192,-9.4
,,,-0.02188,-9.4,,,,,-0.02188,-9.2
,,,-0.02184,-9.2,,,,,-0.02184,-9.2
,,,-0.0218,-8.8,,,,,-0.0218,-9.2
,,,-0.02176,-8.6,,,,,-0.02176,-9.2
,,,-0.02172,-8.6,,,,,-0.02172,-9.2
,,,-0.02168,-8.2,,,,,-0.02168,-9.2
,,,-0.02164,-8,,,,,-0.02164,-9.2
,,,-0.0216,-7.8,,,,,-0.0216,-9.2
,,,-0.02156,-7.6,,,,,-0.02156,-9.2
,,,-0.02152,-7.6,,,,,-0.02152,-9.2
,,,-0.02148,-7.4,,,,,-0.02148,-9.2
,,,-0.02144,-7,,,,,-0.02144,-9.2
,,,-0.0214,-6.8,,,,,-0.0214,-9.2
,,,-0.02136,-6.6,,,,,-0.02136,-9.2
,,,-0.02132,-6.4,,,,,-0.02132,-9.2
,,,-0.02128,-6.2,,,,,-0.02128,-9.2
,,,-0.02124,-6,,,,,-0.02124,-9.2
,,,-0.0212,-5.6,,,,,-0.0212,-9
,,,-0.02116,-5.4,,,,,-0.02116,-9.2
,,,-0.02112,-5.2,,,,,-0.02112,-9
,,,-0.02108,-5,,,,,-0.02108,-9.2
,,,-0.02104,-5,,,,,-0.02104,-9.2
,,,-0.021,-4.6,,,,,-0.021,-9
,,,-0.02096,-4.4,,,,,-0.02096,-9
,,,-0.02092,-4.2,,,,,-0.02092,-9
,,,-0.02088,-4,,,,,-0.02088,-9
,,,-0.02084,-3.8,,,,,-0.02084,-9
,,,-0.0208,-3.4,,,,,-0.0208,-9
,,,-0.02076,-3.2,,,,,-0.02076,-9
,,,-0.02072,-2.8,,,,,-0.02072,-8.8
,,,-0.02068,-2.6,,,,,-0.02068,-8.8
,,,-0.02064,-2.4,,,,,-0.02064,-8.8
,,,-0.0206,-2.2,,,,,-0.0206,-8.8
,,,-0.02056,-2,,,,,-0.02056,-8.8
,,,-0.02052,-1.8,,,,,-0.02052,-8.8
,,,-0.02048,-1.4,,,,,-0.02048,-8.8
,,,-0.02044,-1.2,,,,,-0.02044,-8.8
,,,-0.0204,-1,,,,,-0.0204,-8.6
,,,-0.02036,-0.8,,,,,-0.02036,-8.8
,,,-0.02032,-0.6,,,,,-0.02032,-8.6
,,,-0.02028,-0.2,,,,,-0.02028,-8.6
,,,-0.02024,0,,,,,-0.02024,-8.6
,,,-0.0202,0.2,,,,,-0.0202,-8.4
,,,-0.02016,0.6,,,,,-0.02016,-8.4
,,,-0.02012,0.8,,,,,-0.02012,-8.2
,,,-0.02008,1,,,,,-0.02008,-8
,,,-0.02004,1.2,,,,,-0.02004,-7.6
,,,-0.02,1.4,,,,,-0.02,-7.6
,,,-0.01996,1.6,,,,,-0.01996,-7.2
,,,-0.01992,1.8,,,,,-0.01992,-7.2
,,,-0.01988,2,,,,,-0.01988,-7
,,,-0.01984,2.2,,,,,-0.01984,-6.8
,,,-0.0198,2.4,,,,,-0.0198,-6.6
,,,-0.01976,2.8,,,,,-0.01976,-6.2
,,,-0.01972,3,,,,,-0.01972,-6
,,,-0.01968,3.2,,,,,-0.01968,-5.8
,,,-0.01964,3.2,,,,,-0.01964,-5.6
,,,-0.0196,3.6,,,,,-0.0196,-5.2
,,,-0.01956,3.8,,,,,-0.01956,-4.8
,,,-0.01952,4,,,,,-0.01952,-4.6
,,,-0.01948,4.2,,,,,-0.01948,-4.6
,,,-0.01944,4.4,,,,,-0.01944,-4.2
,,,-0.0194,4.8,,,,,-0.0194,-3.8
,,,-0.01936,4.8,,,,,-0.01936,-3.4
,,,-0.01932,5,,,,,-0.01932,-3
,,,-0.01928,5.4,,,,,-0.01928,-2.6
,,,-0.01924,5.4,,,,,-0.01924,-2.4
,,,-0.0192,5.8,,,,,-0.0192,-2
,,,-0.01916,6,,,,,-0.01916,-1.8
,,,-0.01912,6,,,,,-0.01912,-1.6
,,,-0.01908,6.2,,,,,-0.01908,-1
,,,-0.01904,6.4,,,,,-0.01904,-0.8
,,,-0.019,6.6,,,,,-0.019,-0.4
,,,-0.01896,7,,,,,-0.01896,-0.2
,,,-0.01892,7.2,,,,,-0.01892,0.4
,,,-0.01888,7.4,,,,,-0.01888,0.4
,,,-0.01884,7.6,,,,,-0.01884,1
,,,-0.0188,7.8,,,,,-0.0188,1.2
,,,-0.01876,8,,,,,-0.01876,1.6
,,,-0.01872,8.2,,,,,-0.01872,1.8
,,,-0.01868,8.6,,,,,-0.01868,2.2
,,,-0.01864,8.8,,,,,-0.01864,2.6
,,,-0.0186,9,,,,,-0.0186,3
,,,-0.01856,9.2,,,,,-0.01856,3.2
,,,-0.01852,9.4,,,,,-0.01852,3.4
,,,-0.01848,9.6,,,,,-0.01848,3.8
,,,-0.01844,9.8,,,,,-0.01844,4
,,,-0.0184,10,,,,,-0.0184,4.4
,,,-0.01836,10.2,,,,,-0.01836,4.8
,,,-0.01832,10.4,,,,,-0.01832,4.8
,,,-0.01828,10.6,,,,,-0.01828,5
,,,-0.01824,10.8,,,,,-0.01824,5.6
,,,-0.0182,10.8,,,,,-0.0182,5.6
,,,-0.01816,11,,,,,-0.01816,5.8
,,,-0.01812,11.4,,,,,-0.01812,6.2
,,,-0.01808,11.4,,,,,-0.01808,6.4
,,,-0.01804,11.8,,,,,-0.01804,6.6
,,,-0.018,11.8,,,,,-0.018,6.8
,,,-0.01796,12.2,,,,,-0.01796,7
,,,-0.01792,12.4,,,,,-0.01792,7
,,,-0.01788,12.6,,,,,-0.01788,7.2
,,,-0.01784,12.8,,,,,-0.01784,7.2
,,,-0.0178,13,,,,,-0.0178,7.6
,,,-0.01776,13.2,,,,,-0.01776,7.8
,,,-0.01772,13.4,,,,,-0.01772,7.8
,,,-0.01768,13.6,,,,,-0.01768,8
,,,-0.01764,13.8,,,,,-0.01764,8.2
,,,-0.0176,13.8,,,,,-0.0176,8.2
,,,-0.01756,14.2,,,,,-0.01756,8.2
,,,-0.01752,14.2,,,,,-0.01752,8.6
,,,-0.01748,14.4,,,,,-0.01748,8.4
,,,-0.01744,14.6,,,,,-0.01744,8.6
,,,-0.0174,14.8,,,,,-0.0174,8.6
,,,-0.01736,15,,,,,-0.01736,8.6
,,,-0.01732,15,,,,,-0.01732,8.6
,,,-0.01728,15.2,,,,,-0.01728,8.8
,,,-0.01724,15.4,,,,,-0.01724,8.8
,,,-0.0172,15.6,,,,,-0.0172,9
,,,-0.01716,15.6,,,,,-0.01716,9
,,,-0.01712,15.8,,,,,-0.01712,9.2
,,,-0.01708,15.8,,,,,-0.01708,9.2
,,,-0.01704,16,,,,,-0.01704,9.2
,,,-0.017,16.2,,,,,-0.017,9.4
,,,-0.01696,16.2,,,,,-0.01696,9.2
,,,-0.01692,16.4,,,,,-0.01692,9.4
,,,-0.01688,16.4,,,,,-0.01688,9.4
,,,-0.01684,16.6,,,,,-0.01684,9.4
,,,-0.0168,16.6,,,,,-0.0168,9.4
,,,-0.01676,16.6,,,,,-0.01676,9.4
,,,-0.01672,16.8,,,,,-0.01672,9.4
,,,-0.01668,16.8,,,,,-0.01668,9.4
,,,-0.01664,17,,,,,-0.01664,9.4
,,,-0.0166,17,,,,,-0.0166,9.6
,,,-0.01656,17,,,,,-0.01656,9.4
,,,-0.01652,17,,,,,-0.01652,9.6
,,,-0.01648,17.2,,,,,-0.01648,9.8
,,,-0.01644,17.2,,,,,-0.01644,9.6
,,,-0.0164,17.4,,,,,-0.0164,9.6
,,,-0.01636,17.6,,,,,-0.01636,9.6
,,,-0.01632,17.6,,,,,-0.01632,9.6
,,,-0.01628,17.6,,,,,-0.01628,9.6
,,,-0.01624,17.6,,,,,-0.01624,9.8
,,,-0.0162,17.6,,,,,-0.0162,9.6
,,,-0.01616,17.8,,,,,-0.01616,9.8
,,,-0.01612,17.8,,,,,-0.01612,9.8
,,,-0.01608,17.8,,,,,-0.01608,9.8
,,,-0.01604,17.8,,,,,-0.01604,9.6
,,,-0.016,18,,,,,-0.016,9.8
,,,-0.01596,17.8,,,,,-0.01596,9.8
,,,-0.01592,18,,,,,-0.01592,9.8
,,,-0.01588,18,,,,,-0.01588,9.8
,,,-0.01584,18,,,,,-0.01584,10
,,,-0.0158,18,,,,,-0.0158,9.8
,,,-0.01576,18,,,,,-0.01576,9.8
,,,-0.01572,18.2,,,,,-0.01572,9.8
,,,-0.01568,18.2,,,,,-0.01568,9.8
,,,-0.01564,18.2,,,,,-0.01564,10
,,,-0.0156,18.2,,,,,-0.0156,9.8
,,,-0.01556,18.2,,,,,-0.01556,9.8
,,,-0.01552,18.2,,,,,-0.01552,9.8
,,,-0.01548,18.4,,,,,-0.01548,9.8
,,,-0.01544,18.4,,,,,-0.01544,9.8
,,,-0.0154,18.2,,,,,-0.0154,9.8
,,,-0.01536,18.4,,,,,-0.01536,9.8
,,,-0.01532,18.4,,,,,-0.01532,9.8
,,,-0.01528,18.4,,,,,-0.01528,10
,,,-0.01524,18.4,,,,,-0.01524,9.8
,,,-0.0152,18.4,,,,,-0.0152,9.8
,,,-0.01516,18.4,,,,,-0.01516,10
,,,-0.01512,18.4,,,,,-0.01512,9.8
,,,-0.01508,18.4,,,,,-0.01508,10
,,,-0.01504,18.4,,,,,-0.01504,10
,,,-0.015,18.4,,,,,-0.015,9.8
,,,-0.01496,18.4,,,,,-0.01496,9.8
,,,-0.01492,18.4,,,,,-0.01492,9.8
,,,-0.01488,18.4,,,,,-0.01488,9.8
,,,-0.01484,18.4,,,,,-0.01484,10
,,,-0.0148,18.4,,,,,-0.0148,9.8
,,,-0.01476,18.4,,,,,-0.01476,10
,,,-0.01472,18.4,,,,,-0.01472,9.8
,,,-0.01468,18.4,,,,,-0.01468,9.8
,,,-0.01464,18.4,,,,,-0.01464,10
,,,-0.0146,18.6,,,,,-0.0146,10
,,,-0.01456,18.4,,,,,-0.01456,9.8
,,,-0.01452,18.6,,,,,-0.01452,9.8
,,,-0.01448,18.4,,,,,-0.01448,9.8
,,,-0.01444,18.4,,,,,-0.01444,10
,,,-0.0144,18.4,,,,,-0.0144,9.8
,,,-0.01436,18.4,,,,,-0.01436,10
,,,-0.01432,18.4,,,,,-0.01432,9.8
,,,-0.01428,18.4,,,,,-0.01428,10
,,,-0.01424,18.4,,,,,-0.01424,10
,,,-0.0142,18.4,,,,,-0.0142,10
,,,-0.01416,18.4,,,,,-0.01416,9.8
,,,-0.01412,18.4,,,,,-0.01412,9.8
,,,-0.01408,18.4,,,,,-0.01408,10
,,,-0.01404,18.4,,,,,-0.01404,9.8
,,,-0.014,18.4,,,,,-0.014,9.8
,,,-0.01396,18.4,,,,,-0.01396,10
,,,-0.01392,18.2,,,,,-0.01392,10
,,,-0.01388,18.2,,,,,-0.01388,10
,,,-0.01384,18.2,,,,,-0.01384,10
,,,-0.0138,18,,,,,-0.0138,10
,,,-0.01376,17.8,,,,,-0.01376,9.8
,,,-0.01372,17.6,,,,,-0.01372,10
,,,-0.01368,17.6,,,,,-0.01368,9.8
,,,-0.01364,17.4,,,,,-0.01364,9.8
,,,-0.0136,17.2,,,,,-0.0136,9.8
,,,-0.01356,17,,,,,-0.01356,9.8
,,,-0.01352,16.8,,,,,-0.01352,10
,,,-0.01348,16.4,,,,,-0.01348,9.8
,,,-0.01344,16.4,,,,,-0.01344,10
,,,-0.0134,16.2,,,,,-0.0134,9.8
,,,-0.01336,16,,,,,-0.01336,10
,,,-0.01332,16,,,,,-0.01332,9.8
,,,-0.01328,15.8,,,,,-0.01328,9.8
,,,-0.01324,15.6,,,,,-0.01324,9.8
,,,-0.0132,15.6,,,,,-0.0132,9.8
,,,-0.01316,15.4,,,,,-0.01316,9.8
,,,-0.01312,15.2,,,,,-0.01312,9.8
,,,-0.01308,15,,,,,-0.01308,9.8
,,,-0.01304,15,,,,,-0.01304,9.8
,,,-0.013,14.8,,,,,-0.013,9.8
,,,-0.01296,14.6,,,,,-0.01296,9.8
,,,-0.01292,14.6,,,,,-0.01292,10
,,,-0.01288,14.2,,,,,-0.01288,9.8
,,,-0.01284,14.2,,,,,-0.01284,9.8
,,,-0.0128,14,,,,,-0.0128,9.8
,,,-0.01276,13.8,,,,,-0.01276,9.8
,,,-0.01272,13.8,,,,,-0.01272,9.8
,,,-0.01268,13.6,,,,,-0.01268,9.8
,,,-0.01264,13.4,,,,,-0.01264,9.8
,,,-0.0126,13,,,,,-0.0126,9.6
,,,-0.01256,12.8,,,,,-0.01256,9.8
,,,-0.01252,12.8,,,,,-0.01252,9.6
,,,-0.01248,12.6,,,,,-0.01248,9.6
,,,-0.01244,12.4,,,,,-0.01244,9.6
,,,-0.0124,12.2,,,,,-0.0124,9.8
,,,-0.01236,11.8,,,,,-0.01236,9.8
,,,-0.01232,11.8,,,,,-0.01232,9.6
,,,-0.01228,11.6,,,,,-0.01228,9.6
,,,-0.01224,11.2,,,,,-0.01224,9.6
,,,-0.0122,11,,,,,-0.0122,9.6
,,,-0.01216,11,,,,,-0.01216,9.6
,,,-0.01212,10.8,,,,,-0.01212,9.4
,,,-0.01208,10.4,,,,,-0.01208,9.6
,,,-0.01204,10.4,,,,,-0.01204,9.6
,,,-0.012,10.2,,,,,-0.012,9.4
,,,-0.01196,10,,,,,-0.01196,9.6
,,,-0.01192,9.8,,,,,-0.01192,9.6
,,,-0.01188,9.4,,,,,-0.01188,9.6
,,,-0.01184,9.4,,,,,-0.01184,9.6
,,,-0.0118,9.2,,,,,-0.0118,9.4
,,,-0.01176,9,,,,,-0.01176,9.4
,,,-0.01172,8.8,,,,,-0.01172,9.6
,,,-0.01168,8.6,,,,,-0.01168,9.6
,,,-0.01164,8.2,,,,,-0.01164,9.6
,,,-0.0116,8,,,,,-0.0116,9.2
,,,-0.01156,7.8,,,,,-0.01156,9.4
,,,-0.01152,7.6,,,,,-0.01152,9.4
,,,-0.01148,7.4,,,,,-0.01148,9.4
,,,-0.01144,7.2,,,,,-0.01144,9.4
,,,-0.0114,7,,,,,-0.0114,9.4
,,,-0.01136,6.8,,,,,-0.01136,9.4
,,,-0.01132,6.6,,,,,-0.01132,9.2
,,,-0.01128,6.2,,,,,-0.01128,9.2
,,,-0.01124,6,,,,,-0.01124,9.4
,,,-0.0112,5.8,,,,,-0.0112,9.2
,,,-0.01116,5.6,,,,,-0.01116,9.2
,,,-0.01112,5.4,,,,,-0.01112,9.2
,,,-0.01108,5.2,,,,,-0.01108,9.2
,,,-0.01104,5,,,,,-0.01104,9.2
,,,-0.011,4.8,,,,,-0.011,9.2
,,,-0.01096,4.6,,,,,-0.01096,9.2
,,,-0.01092,4.2,,,,,-0.01092,9.2
,,,-0.01088,4.2,,,,,-0.01088,9.2
,,,-0.01084,3.8,,,,,-0.01084,9
,,,-0.0108,3.6,,,,,-0.0108,9.2
,,,-0.01076,3.2,,,,,-0.01076,9.2
,,,-0.01072,3,,,,,-0.01072,9.2
,,,-0.01068,2.8,,,,,-0.01068,9
,,,-0.01064,2.4,,,,,-0.01064,9
,,,-0.0106,2.2,,,,,-0.0106,9.2
,,,-0.01056,2,,,,,-0.01056,9
,,,-0.01052,1.8,,,,,-0.01052,9
,,,-0.01048,1.6,,,,,-0.01048,9
,,,-0.01044,1.4,,,,,-0.01044,8.8
,,,-0.0104,1.2,,,,,-0.0104,9
,,,-0.01036,0.8,,,,,-0.01036,8.8
,,,-0.01032,0.6,,,,,-0.01032,8.8
,,,-0.01028,0.4,,,,,-0.01028,8.8
,,,-0.01024,0,,,,,-0.01024,8.8
,,,-0.0102,-0.2,,,,,-0.0102,8.6
,,,-0.01016,-0.4,,,,,-0.01016,8.6
,,,-0.01012,-0.8,,,,,-0.01012,8.2
,,,-0.01008,-1,,,,,-0.01008,7.8
,,,-0.01004,-1.2,,,,,-0.01004,7.8
,,,-0.01,-1.4,,,,,-0.01,7.6
,,,-0.00996,-1.4,,,,,-0.00996,7.6
,,,-0.00992,-1.8,,,,,-0.00992,7.4
,,,-0.00988,-1.8,,,,,-0.00988,7
,,,-0.00984,-2.2,,,,,-0.00984,7
,,,-0.0098,-2.4,,,,,-0.0098,6.6
,,,-0.00976,-2.6,,,,,-0.00976,6.4
,,,-0.00972,-2.8,,,,,-0.00972,6
,,,-0.00968,-3,,,,,-0.00968,6
,,,-0.00964,-3.2,,,,,-0.00964,5.6
,,,-0.0096,-3.6,,,,,-0.0096,5.4
,,,-0.00956,-3.8,,,,,-0.00956,5
,,,-0.00952,-3.8,,,,,-0.00952,4.8
,,,-0.00948,-4.2,,,,,-0.00948,4.4
,,,-0.00944,-4.4,,,,,-0.00944,4
,,,-0.0094,-4.6,,,,,-0.0094,3.8
,,,-0.00936,-4.8,,,,,-0.00936,3.4
,,,-0.00932,-5,,,,,-0.00932,3.2
,,,-0.00928,-5.2,,,,,-0.00928,2.8
,,,-0.00924,-5.4,,,,,-0.00924,2.6
,,,-0.0092,-5.6,,,,,-0.0092,2
,,,-0.00916,-5.8,,,,,-0.00916,1.8
,,,-0.00912,-6,,,,,-0.00912,1.4
,,,-0.00908,-6.2,,,,,-0.00908,1.2
,,,-0.00904,-6.4,,,,,-0.00904,1
,,,-0.009,-6.6,,,,,-0.009,0.6
,,,-0.00896,-7,,,,,-0.00896,0.2
,,,-0.00892,-7.2,,,,,-0.00892,-0.2
,,,-0.00888,-7.2,,,,,-0.00888,-0.6
,,,-0.00884,-7.4,,,,,-0.00884,-0.8
,,,-0.0088,-7.8,,,,,-0.0088,-1
,,,-0.00876,-8,,,,,-0.00876,-1.6
,,,-0.00872,-8.2,,,,,-0.00872,-1.8
,,,-0.00868,-8.4,,,,,-0.00868,-2.2
,,,-0.00864,-8.6,,,,,-0.00864,-2.6
,,,-0.0086,-9,,,,,-0.0086,-2.6
,,,-0.00856,-9.2,,,,,-0.00856,-3
,,,-0.00852,-9.4,,,,,-0.00852,-3.4
,,,-0.00848,-9.4,,,,,-0.00848,-3.8
,,,-0.00844,-9.6,,,,,-0.00844,-4
,,,-0.0084,-9.8,,,,,-0.0084,-4.4
,,,-0.00836,-10.2,,,,,-0.00836,-4.6
,,,-0.00832,-10.2,,,,,-0.00832,-4.6
,,,-0.00828,-10.4,,,,,-0.00828,-5
,,,-0.00824,-10.6,,,,,-0.00824,-5.4
,,,-0.0082,-10.8,,,,,-0.0082,-5.4
,,,-0.00816,-11,,,,,-0.00816,-5.6
,,,-0.00812,-11.2,,,,,-0.00812,-6
,,,-0.00808,-11.4,,,,,-0.00808,-6.2
,,,-0.00804,-11.6,,,,,-0.00804,-6.4
,,,-0.008,-11.8,,,,,-0.008,-6.6
,,,-0.00796,-12,,,,,-0.00796,-6.8
,,,-0.00792,-12.2,,,,,-0.00792,-6.8
,,,-0.00788,-12.6,,,,,-0.00788,-7.2
,,,-0.00784,-12.8,,,,,-0.00784,-7.4
,,,-0.0078,-12.8,,,,,-0.0078,-7.4
,,,-0.00776,-13,,,,,-0.00776,-7.6
,,,-0.00772,-13.2,,,,,-0.00772,-7.6
,,,-0.00768,-13.4,,,,,-0.00768,-7.8
,,,-0.00764,-13.8,,,,,-0.00764,-8.2
,,,-0.0076,-13.8,,,,,-0.0076,-8
,,,-0.00756,-14,,,,,-0.00756,-8.2
,,,-0.00752,-14.2,,,,,-0.00752,-8.4
,,,-0.00748,-14.4,,,,,-0.00748,-8.2
,,,-0.00744,-14.4,,,,,-0.00744,-8.4
,,,-0.0074,-14.6,,,,,-0.0074,-8.4
,,,-0.00736,-14.8,,,,,-0.00736,-8.4
,,,-0.00732,-14.8,,,,,-0.00732,-8.6
,,,-0.00728,-15,,,,,-0.00728,-8.6
,,,-0.00724,-15.2,,,,,-0.00724,-8.8
,,,-0.0072,-15.4,,,,,-0.0072,-8.8
,,,-0.00716,-15.4,,,,,-0.00716,-8.8
,,,-0.00712,-15.6,,,,,-0.00712,-8.8
,,,-0.00708,-15.6,,,,,-0.00708,-8.8
,,,-0.00704,-15.8,,,,,-0.00704,-8.8
,,,-0.007,-16,,,,,-0.007,-9
,,,-0.00696,-16,,,,,-0.00696,-9
,,,-0.00692,-16.2,,,,,-0.00692,-9
,,,-0.00688,-16.2,,,,,-0.00688,-9
,,,-0.00684,-16.4,,,,,-0.00684,-9.2
,,,-0.0068,-16.4,,,,,-0.0068,-9.4
,,,-0.00676,-16.6,,,,,-0.00676,-9
,,,-0.00672,-16.6,,,,,-0.00672,-9
,,,-0.00668,-16.6,,,,,-0.00668,-9.2
,,,-0.00664,-16.6,,,,,-0.00664,-9.2
,,,-0.0066,-16.8,,,,,-0.0066,-9.4
,,,-0.00656,-16.8,,,,,-0.00656,-9.2
,,,-0.00652,-16.8,,,,,-0.00652,-9.4
,,,-0.00648,-17,,,,,-0.00648,-9.4
,,,-0.00644,-17,,,,,-0.00644,-9.2
,,,-0.0064,-17.2,,,,,-0.0064,-9.4
,,,-0.00636,-17.2,,,,,-0.00636,-9.4
,,,-0.00632,-17.4,,,,,-0.00632,-9.4
,,,-0.00628,-17.4,,,,,-0.00628,-9.2
,,,-0.00624,-17.4,,,,,-0.00624,-9.6
,,,-0.0062,-17.6,,,,,-0.0062,-9.4
,,,-0.00616,-17.6,,,,,-0.00616,-9.4
,,,-0.00612,-17.6,,,,,-0.00612,-9.4
,,,-0.00608,-17.6,,,,,-0.00608,-9.6
,,,-0.00604,-17.6,,,,,-0.00604,-9.6
,,,-0.006,-17.6,,,,,-0.006,-9.4
,,,-0.00596,-17.8,,,,,-0.00596,-9.6
,,,-0.00592,-17.8,,,,,-0.00592,-9.4
,,,-0.00588,-17.8,,,,,-0.00588,-9.4
,,,-0.00584,-17.8,,,,,-0.00584,-9.6
,,,-0.0058,-17.8,,,,,-0.0058,-9.6
,,,-0.00576,-18,,,,,-0.00576,-9.6
,,,-0.00572,-18,,,,,-0.00572,-9.8
,,,-0.00568,-18,,,,,-0.00568,-9.6
,,,-0.00564,-18,,,,,-0.00564,-9.6
,,,-0.0056,-18,,,,,-0.0056,-9.6
,,,-0.00556,-18,,,,,-0.00556,-9.8
,,,-0.00552,-18,,,,,-0.00552,-9.6
,,,-0.00548,-18,,,,,-0.00548,-9.6
,,,-0.00544,-18,,,,,-0.00544,-9.4
,,,-0.0054,-18,,,,,-0.0054,-9.8
,,,-0.00536,-18,,,,,-0.00536,-9.6
,,,-0.00532,-18,,,,,-0.00532,-9.8
,,,-0.00528,-18.2,,,,,-0.00528,-9.6
,,,-0.00524,-18,,,,,-0.00524,-9.6
,,,-0.0052,-18,,,,,-0.0052,-9.8
,,,-0.00516,-18,,,,,-0.00516,-9.8
,,,-0.00512,-18.2,,,,,-0.00512,-9.6
,,,-0.00508,-18.2,,,,,-0.00508,-9.8
,,,-0.00504,-18.2,,,,,-0.00504,-9.6
,,,-0.005,-18.2,,,,,-0.005,-9.8
,,,-0.00496,-18.2,,,,,-0.00496,-9.8
,,,-0.00492,-18.2,,,,,-0.00492,-9.6
,,,-0.00488,-18.2,,,,,-0.00488,-9.8
,,,-0.00484,-18.2,,,,,-0.00484,-9.6
,,,-0.0048,-18.2,,,,,-0.0048,-9.8
,,,-0.00476,-18.2,,,,,-0.00476,-9.6
,,,-0.00472,-18.2,,,,,-0.00472,-9.8
,,,-0.00468,-18.2,,,,,-0.00468,-9.6
,,,-0.00464,-18.2,,,,,-0.00464,-9.8
,,,-0.0046,-18.2,,,,,-0.0046,-9.8
,,,-0.00456,-18.2,,,,,-0.00456,-9.8
,,,-0.00452,-18.2,,,,,-0.00452,-9.6
,,,-0.00448,-18.2,,,,,-0.00448,-9.8
,,,-0.00444,-18.2,,,,,-0.00444,-9.6
,,,-0.0044,-18.2,,,,,-0.0044,-9.8
,,,-0.00436,-18.2,,,,,-0.00436,-9.8
,,,-0.00432,-18.2,,,,,-0.00432,-9.6
,,,-0.00428,-18.2,,,,,-0.00428,-9.8
,,,-0.00424,-18.4,,,,,-0.00424,-9.8
,,,-0.0042,-18.2,,,,,-0.0042,-10
,,,-0.00416,-18.2,,,,,-0.00416,-9.8
,,,-0.00412,-18.2,,,,,-0.00412,-9.8
,,,-0.00408,-18.2,,,,,-0.00408,-9.8
,,,-0.00404,-18,,,,,-0.00404,-9.8
,,,-0.004,-18,,,,,-0.004,-9.8
,,,-0.00396,-18,,,,,-0.00396,-10
,,,-0.00392,-18,,,,,-0.00392,-10
,,,-0.00388,-18,,,,,-0.00388,-9.8
,,,-0.00384,-18,,,,,-0.00384,-9.8
,,,-0.0038,-17.8,,,,,-0.0038,-9.8
,,,-0.00376,-17.8,,,,,-0.00376,-9.8
,,,-0.00372,-17.6,,,,,-0.00372,-9.8
,,,-0.00368,-17.4,,,,,-0.00368,-9.6
,,,-0.00364,-17.2,,,,,-0.00364,-9.8
,,,-0.0036,-17,,,,,-0.0036,-9.8
,,,-0.00356,-16.8,,,,,-0.00356,-9.6
,,,-0.00352,-16.6,,,,,-0.00352,-9.6
,,,-0.00348,-16.2,,,,,-0.00348,-9.6
,,,-0.00344,-16.2,,,,,-0.00344,-9.6
,,,-0.0034,-16,,,,,-0.0034,-9.6
,,,-0.00336,-15.8,,,,,-0.00336,-9.6
,,,-0.00332,-15.6,,,,,-0.00332,-9.6
,,,-0.00328,-15.6,,,,,-0.00328,-9.6
,,,-0.00324,-15.4,,,,,-0.00324,-9.6
,,,-0.0032,-15.4,,,,,-0.0032,-9.6
,,,-0.00316,-15.2,,,,,-0.00316,-9.6
,,,-0.00312,-15.2,,,,,-0.00312,-9.6
,,,-0.00308,-15,,,,,-0.00308,-9.6
,,,-0.00304,-14.8,,,,,-0.00304,-9.6
,,,-0.003,-14.6,,,,,-0.003,-9.6
,,,-0.00296,-14.6,,,,,-0.00296,-9.6
,,,-0.00292,-14.4,,,,,-0.00292,-9.6
,,,-0.00288,-14.4,,,,,-0.00288,-9.6
,,,-0.00284,-14,,,,,-0.00284,-9.6
,,,-0.0028,-14,,,,,-0.0028,-9.4
,,,-0.00276,-13.8,,,,,-0.00276,-9.8
,,,-0.00272,-13.6,,,,,-0.00272,-9.6
,,,-0.00268,-13.4,,,,,-0.00268,-9.6
,,,-0.00264,-13.2,,,,,-0.00264,-9.4
,,,-0.0026,-13,,,,,-0.0026,-9.4
,,,-0.00256,-12.8,,,,,-0.00256,-9.4
,,,-0.00252,-12.6,,,,,-0.00252,-9.4
,,,-0.00248,-12.4,,,,,-0.00248,-9.6
,,,-0.00244,-12.2,,,,,-0.00244,-9.6
,,,-0.0024,-12,,,,,-0.0024,-9.6
,,,-0.00236,-12,,,,,-0.00236,-9.4
,,,-0.00232,-11.8,,,,,-0.00232,-9.4
,,,-0.00228,-11.4,,,,,-0.00228,-9.4
,,,-0.00224,-11.2,,,,,-0.00224,-9.4
,,,-0.0022,-11,,,,,-0.0022,-9.4
,,,-0.00216,-10.8,,,,,-0.00216,-9.4
,,,-0.00212,-10.6,,,,,-0.00212,-9.4
,,,-0.00208,-10.4,,,,,-0.00208,-9.2
,,,-0.00204,-10.2,,,,,-0.00204,-9.4
,,,-0.002,-10,,,,,-0.002,-9.4
,,,-0.00196,-9.8,,,,,-0.00196,-9.4
,,,-0.00192,-9.6,,,,,-0.00192,-9.2
,,,-0.00188,-9.4,,,,,-0.00188,-9.4
,,,-0.00184,-9.2,,,,,-0.00184,-9.2
,,,-0.0018,-9,,,,,-0.0018,-9.2
,,,-0.00176,-8.6,,,,,-0.00176,-9.2
,,,-0.00172,-8.6,,,,,-0.00172,-9.2
,,,-0.00168,-8.4,,,,,-0.00168,-9.2
,,,-0.00164,-8,,,,,-0.00164,-9.2
,,,-0.0016,-7.8,,,,,-0.0016,-9.2
,,,-0.00156,-7.6,,,,,-0.00156,-9.2
,,,-0.00152,-7.6,,,,,-0.00152,-9.2
,,,-0.00148,-7.4,,,,,-0.00148,-9
,,,-0.00144,-7,,,,,-0.00144,-9.2
,,,-0.0014,-7,,,,,-0.0014,-9
,,,-0.00136,-6.6,,,,,-0.00136,-9.2
,,,-0.00132,-6.4,,,,,-0.00132,-9.2
,,,-0.00128,-6.2,,,,,-0.00128,-9
,,,-0.00124,-6,,,,,-0.00124,-9.2
,,,-0.0012,-5.8,,,,,-0.0012,-9
,,,-0.00116,-5.4,,,,,-0.00116,-9
,,,-0.00112,-5.2,,,,,-0.00112,-8.8
,,,-0.00108,-5,,,,,-0.00108,-9
,,,-0.00104,-4.8,,,,,-0.00104,-9
,,,-0.001,-4.6,,,,,-0.001,-8.8
,,,-0.00096,-4.4,,,,,-0.00096,-9
,,,-0.00092,-4.2,,,,,-0.00092,-8.8
,,,-0.00088,-4,,,,,-0.00088,-8.8
,,,-0.00084,-3.8,,,,,-0.00084,-9
,,,-0.0008,-3.6,,,,,-0.0008,-8.8
,,,-0.00076,-3.2,,,,,-0.00076,-9.2
,,,-0.00072,-3,,,,,-0.00072,-8.8
,,,-0.00068,-2.8,,,,,-0.00068,-8.4
,,,-0.00064,-2.4,,,,,-0.00064,-8.8
,,,-0.0006,-2.2,,,,,-0.0006,-8.8
,,,-0.00056,-2,,,,,-0.00056,-8.8
,,,-0.00052,-1.8,,,,,-0.00052,-8.8
,,,-0.00048,-1.6,,,,,-0.00048,-8.8
,,,-0.00044,-1.2,,,,,-0.00044,-8.8
,,,-0.0004,-1,,,,,-0.0004,-8.8
,,,-0.00036,-0.8,,,,,-0.00036,-8.8
,,,-0.00032,-0.4,,,,,-0.00032,-8.6
,,,-0.00028,-0.2,,,,,-0.00028,-8.6
,,,-0.00024,0,,,,,-0.00024,-8.6
,,,-0.0002,0.2,,,,,-0.0002,-8.4
,,,-0.00016,0.6,,,,,-0.00016,-8.2
,,,-0.00012,0.8,,,,,-0.00012,-8.2
,,,-0.00008,1,,,,,-0.00008,-8
,,,-0.00004,1.2,,,,,-0.00004,-7.6
,,,0,1.4,,,,,0,-7.4
,,,0.00004,1.6,,,,,0.00004,-7.4
,,,0.00008,1.8,,,,,0.00008,-7
,,,0.00012,2,,,,,0.00012,-6.8
,,,0.00016,2.2,,,,,0.00016,-6.8
,,,0.0002,2.4,,,,,0.0002,-6.4
,,,0.00024,2.8,,,,,0.00024,-6.4
,,,0.00028,3,,,,,0.00028,-6
,,,0.00032,3.2,,,,,0.00032,-5.8
,,,0.00036,3.2,,,,,0.00036,-5.4
,,,0.0004,3.4,,,,,0.0004,-5.2
,,,0.00044,3.8,,,,,0.00044,-5
,,,0.00048,4,,,,,0.00048,-4.8
,,,0.00052,4.2,,,,,0.00052,-4.4
,,,0.00056,4.4,,,,,0.00056,-4.2
,,,0.0006,4.8,,,,,0.0006,-3.8
,,,0.00064,4.8,,,,,0.00064,-3.6
,,,0.00068,5,,,,,0.00068,-3
,,,0.00072,5.2,,,,,0.00072,-2.6
,,,0.00076,5.4,,,,,0.00076,-2.4
,,,0.0008,5.6,,,,,0.0008,-2.2
,,,0.00084,5.8,,,,,0.00084,-1.8
,,,0.00088,6.2,,,,,0.00088,-1.4
,,,0.00092,6.4,,,,,0.00092,-1.2
,,,0.00096,6.4,,,,,0.00096,-0.8
,,,0.001,6.6,,,,,0.001,-0.4
,,,0.00104,7,,,,,0.00104,-0.2
,,,0.00108,7.2,,,,,0.00108,0.2
,,,0.00112,7.4,,,,,0.00112,0.6
,,,0.00116,7.6,,,,,0.00116,1
,,,0.0012,7.8,,,,,0.0012,1.2
,,,0.00124,8.2,,,,,0.00124,1.4
,,,0.00128,8.2,,,,,0.00128,1.8
,,,0.00132,8.6,,,,,0.00132,2.2
,,,0.00136,8.8,,,,,0.00136,2.6
,,,0.0014,9,,,,,0.0014,2.8
,,,0.00144,9.2,,,,,0.00144,3.2
,,,0.00148,9.4,,,,,0.00148,3.4
,,,0.00152,9.6,,,,,0.00152,3.6
,,,0.00156,9.8,,,,,0.00156,4
,,,0.0016,10,,,,,0.0016,4.4
,,,0.00164,10.2,,,,,0.00164,4.6
,,,0.00168,10.4,,,,,0.00168,4.8
,,,0.00172,10.6,,,,,0.00172,5.2
,,,0.00176,10.6,,,,,0.00176,5.4
,,,0.0018,10.8,,,,,0.0018,5.6
,,,0.00184,11,,,,,0.00184,5.8
,,,0.00188,11.2,,,,,0.00188,6
,,,0.00192,11.4,,,,,0.00192,6.2
,,,0.00196,11.6,,,,,0.00196,6.6
,,,0.002,11.8,,,,,0.002,6.8
,,,0.00204,12,,,,,0.00204,6.8
,,,0.00208,12.4,,,,,0.00208,7.2
,,,0.00212,12.6,,,,,0.00212,7.2
,,,0.00216,12.8,,,,,0.00216,7.4
,,,0.0022,13,,,,,0.0022,7.4
,,,0.00224,13.4,,,,,0.00224,7.8
,,,0.00228,13.4,,,,,0.00228,7.8
,,,0.00232,13.4,,,,,0.00232,8
,,,0.00236,13.8,,,,,0.00236,8.2
,,,0.0024,14,,,,,0.0024,8.2
,,,0.00244,14,,,,,0.00244,8.4
,,,0.00248,14.2,,,,,0.00248,8.4
,,,0.00252,14.4,,,,,0.00252,8.6
,,,0.00256,14.6,,,,,0.00256,8.6
,,,0.0026,14.8,,,,,0.0026,8.6
,,,0.00264,15,,,,,0.00264,8.6
,,,0.00268,15.2,,,,,0.00268,8.8
,,,0.00272,15.2,,,,,0.00272,8.8
,,,0.00276,15.4,,,,,0.00276,9
,,,0.0028,15.4,,,,,0.0028,9
,,,0.00284,15.8,,,,,0.00284,9.2
,,,0.00288,15.8,,,,,0.00288,9
,,,0.00292,16,,,,,0.00292,9.2
,,,0.00296,16,,,,,0.00296,9.4
,,,0.003,16.2,,,,,0.003,9.2
,,,0.00304,16.2,,,,,0.00304,9.2
,,,0.00308,16.4,,,,,0.00308,9.2
,,,0.00312,16.4,,,,,0.00312,9.4
,,,0.00316,16.4,,,,,0.00316,9.4
,,,0.0032,16.6,,,,,0.0032,9.4
,,,0.00324,16.6,,,,,0.00324,9.4
,,,0.00328,16.8,,,,,0.00328,9.6
,,,0.00332,16.8,,,,,0.00332,9.6
,,,0.00336,16.8,,,,,0.00336,9.4
,,,0.0034,16.8,,,,,0.0034,9.6
,,,0.00344,17,,,,,0.00344,9.6
,,,0.00348,17,,,,,0.00348,9.6
,,,0.00352,17.2,,,,,0.00352,9.6
,,,0.00356,17.2,,,,,0.00356,9.6
,,,0.0036,17.4,,,,,0.0036,9.6
,,,0.00364,17.4,,,,,0.00364,9.8
,,,0.00368,17.4,,,,,0.00368,9.6
,,,0.00372,17.6,,,,,0.00372,9.6
,,,0.00376,17.6,,,,,0.00376,9.8
,,,0.0038,17.6,,,,,0.0038,9.8
,,,0.00384,17.8,,,,,0.00384,9.6
,,,0.00388,17.8,,,,,0.00388,9.6
,,,0.00392,17.8,,,,,0.00392,9.8
,,,0.00396,18,,,,,0.00396,9.8
,,,0.004,17.8,,,,,0.004,9.8
,,,0.00404,18,,,,,0.00404,9.8
,,,0.00408,18,,,,,0.00408,9.8
,,,0.00412,18,,,,,0.00412,9.8
,,,0.00416,18,,,,,0.00416,9.8
,,,0.0042,18,,,,,0.0042,9.8
,,,0.00424,18,,,,,0.00424,9.8
,,,0.00428,18.2,,,,,0.00428,9.8
,,,0.00432,18.2,,,,,0.00432,9.8
,,,0.00436,18.2,,,,,0.00436,9.6
,,,0.0044,18.2,,,,,0.0044,9.8
,,,0.00444,18.2,,,,,0.00444,10
,,,0.00448,18.2,,,,,0.00448,9.8
,,,0.00452,18.2,,,,,0.00452,9.8
,,,0.00456,18.2,,,,,0.00456,9.8
,,,0.0046,18.4,,,,,0.0046,9.8
,,,0.00464,18.4,,,,,0.00464,10
,,,0.00468,18.4,,,,,0.00468,9.8
,,,0.00472,18.2,,,,,0.00472,10
,,,0.00476,18.4,,,,,0.00476,10
,,,0.0048,18.4,,,,,0.0048,10
,,,0.00484,18.2,,,,,0.00484,9.8
,,,0.00488,18.4,,,,,0.00488,10
,,,0.00492,18.4,,,,,0.00492,10
,,,0.00496,18.4,,,,,0.00496,9.8
,,,0.005,18.4,,,,,0.005,10
,,,0.00504,18.4,,,,,0.00504,10
,,,0.00508,18.4,,,,,0.00508,10
,,,0.00512,18.4,,,,,0.00512,10
,,,0.00516,18.4,,,,,0.00516,10
,,,0.0052,18.4,,,,,0.0052,10
,,,0.00524,18.4,,,,,0.00524,10
,,,0.00528,18.4,,,,,0.00528,9.8
,,,0.00532,18.4,,,,,0.00532,10
,,,0.00536,18.4,,,,,0.00536,10
,,,0.0054,18.4,,,,,0.0054,10
,,,0.00544,18.4,,,,,0.00544,10
,,,0.00548,18.4,,,,,0.00548,9.8
,,,0.00552,18.4,,,,,0.00552,10
,,,0.00556,18.6,,,,,0.00556,10
,,,0.0056,18.6,,,,,0.0056,10
,,,0.00564,18.6,,,,,0.00564,9.8
,,,0.00568,18.4,,,,,0.00568,10
,,,0.00572,18.4,,,,,0.00572,10
,,,0.00576,18.4,,,,,0.00576,9.8
,,,0.0058,18.6,,,,,0.0058,9.8
,,,0.00584,18.4,,,,,0.00584,10
,,,0.00588,18.4,,,,,0.00588,10
,,,0.00592,18.4,,,,,0.00592,10
,,,0.00596,18.4,,,,,0.00596,9.8
,,,0.006,18.4,,,,,0.006,9.8
,,,0.00604,18.4,,,,,0.00604,10
,,,0.00608,18.4,,,,,0.00608,10
,,,0.00612,18.2,,,,,0.00612,10
,,,0.00616,18.2,,,,,0.00616,10
,,,0.0062,18,,,,,0.0062,10
,,,0.00624,17.8,,,,,0.00624,10
,,,0.00628,17.8,,,,,0.00628,9.8
,,,0.00632,17.6,,,,,0.00632,9.8
,,,0.00636,17.4,,,,,0.00636,9.8
,,,0.0064,17.2,,,,,0.0064,10
,,,0.00644,17,,,,,0.00644,9.8
,,,0.00648,16.8,,,,,0.00648,10
,,,0.00652,16.6,,,,,0.00652,9.8
,,,0.00656,16.4,,,,,0.00656,9.8
,,,0.0066,16,,,,,0.0066,9.8
,,,0.00664,16,,,,,0.00664,10
,,,0.00668,16,,,,,0.00668,9.8
,,,0.00672,15.8,,,,,0.00672,9.8
,,,0.00676,15.6,,,,,0.00676,10
,,,0.0068,15.6,,,,,0.0068,9.8
,,,0.00684,15.4,,,,,0.00684,9.8
,,,0.00688,15.2,,,,,0.00688,10
,,,0.00692,15.2,,,,,0.00692,9.8
,,,0.00696,15,,,,,0.00696,9.8
,,,0.007,14.8,,,,,0.007,9.8
,,,0.00704,14.6,,,,,0.00704,9.8
,,,0.00708,14.6,,,,,0.00708,9.8
,,,0.00712,14.4,,,,,0.00712,9.8
,,,0.00716,14.2,,,,,0.00716,9.8
,,,0.0072,14,,,,,0.0072,9.8
,,,0.00724,14,,,,,0.00724,9.8
,,,0.00728,13.6,,,,,0.00728,9.8
,,,0.00732,13.4,,,,,0.00732,9.6
,,,0.00736,13.4,,,,,0.00736,9.8
,,,0.0074,13.2,,,,,0.0074,9.8
,,,0.00744,13,,,,,0.00744,9.8
,,,0.00748,12.6,,,,,0.00748,9.8
,,,0.00752,12.6,,,,,0.00752,9.6
,,,0.00756,12.4,,,,,0.00756,9.6
,,,0.0076,12,,,,,0.0076,9.8
,,,0.00764,12,,,,,0.00764,9.8
,,,0.00768,11.8,,,,,0.00768,9.6
,,,0.00772,11.6,,,,,0.00772,9.6
,,,0.00776,11.4,,,,,0.00776,9.6
,,,0.0078,11.2,,,,,0.0078,9.8
,,,0.00784,10.8,,,,,0.00784,9.6
,,,0.00788,10.8,,,,,0.00788,9.4
,,,0.00792,10.6,,,,,0.00792,9.4
,,,0.00796,10.4,,,,,0.00796,9.6
,,,0.008,10.2,,,,,0.008,9.6
,,,0.00804,10,,,,,0.00804,9.4
,,,0.00808,9.8,,,,,0.00808,9.6
,,,0.00812,9.4,,,,,0.00812,9.4
,,,0.00816,9.4,,,,,0.00816,9.6
,,,0.0082,9.2,,,,,0.0082,9.6
,,,0.00824,8.8,,,,,0.00824,9.6
,,,0.00828,8.6,,,,,0.00828,9.6
,,,0.00832,8.4,,,,,0.00832,9.6
,,,0.00836,8.2,,,,,0.00836,9.4
,,,0.0084,8.2,,,,,0.0084,9.4
,,,0.00844,8,,,,,0.00844,9.4
,,,0.00848,7.6,,,,,0.00848,9.4
,,,0.00852,7.4,,,,,0.00852,9.4
,,,0.00856,7.2,,,,,0.00856,9.4
,,,0.0086,7,,,,,0.0086,9.4
,,,0.00864,6.6,,,,,0.00864,9.4
,,,0.00868,6.6,,,,,0.00868,9.4
,,,0.00872,6.4,,,,,0.00872,9.2
,,,0.00876,6,,,,,0.00876,9.4
,,,0.0088,5.8,,,,,0.0088,9.2
,,,0.00884,5.6,,,,,0.00884,9.2
,,,0.00888,5.4,,,,,0.00888,9.2
,,,0.00892,5.2,,,,,0.00892,9.2
,,,0.00896,5,,,,,0.00896,9.2
,,,0.009,4.8,,,,,0.009,9.2
,,,0.00904,4.6,,,,,0.00904,9
,,,0.00908,4.4,,,,,0.00908,9.2
,,,0.00912,4,,,,,0.00912,9.2
,,,0.00916,3.8,,,,,0.00916,9.2
,,,0.0092,3.6,,,,,0.0092,9.2
,,,0.00924,3.2,,,,,0.00924,9
,,,0.00928,3,,,,,0.00928,9.2
,,,0.00932,2.8,,,,,0.00932,9
,,,0.00936,2.6,,,,,0.00936,9.2
,,,0.0094,2.4,,,,,0.0094,9
,,,0.00944,2.2,,,,,0.00944,9
,,,0.00948,1.8,,,,,0.00948,9
,,,0.00952,1.6,,,,,0.00952,9
,,,0.00956,1.4,,,,,0.00956,9
,,,0.0096,1.2,,,,,0.0096,9
,,,0.00964,0.8,,,,,0.00964,8.8
,,,0.00968,0.6,,,,,0.00968,8.8
,,,0.00972,0.2,,,,,0.00972,8.8
,,,0.00976,0,,,,,0.00976,8.6
,,,0.0098,-0.2,,,,,0.0098,8.8
,,,0.00984,-0.4,,,,,0.00984,8.4
,,,0.00988,-0.6,,,,,0.00988,8.2
,,,0.00992,-0.8,,,,,0.00992,8
,,,0.00996,-1,,,,,0.00996,7.8
,,,0.01,-1.2,,,,,0.01,7.6
,,,0.01004,-1.4,,,,,0.01004,7.6
,,,0.01008,-1.8,,,,,0.01008,7.2
,,,0.01012,-1.8,,,,,0.01012,7.2
,,,0.01016,-2,,,,,0.01016,6.8
,,,0.0102,-2.4,,,,,0.0102,6.6
,,,0.01024,-2.8,,,,,0.01024,6.2
,,,0.01028,-2.8,,,,,0.01028,6
,,,0.01032,-3,,,,,0.01032,5.8
,,,0.01036,-3.2,,,,,0.01036,5.6
,,,0.0104,-3.6,,,,,0.0104,5.2
,,,0.01044,-3.8,,,,,0.01044,5
,,,0.01048,-3.8,,,,,0.01048,4.8
,,,0.01052,-4.2,,,,,0.01052,4.4
,,,0.01056,-4.4,,,,,0.01056,4.2
,,,0.0106,-4.6,,,,,0.0106,3.6
,,,0.01064,-4.8,,,,,0.01064,3.6
,,,0.01068,-5,,,,,0.01068,3.2
,,,0.01072,-5.2,,,,,0.01072,2.8
,,,0.01076,-5.4,,,,,0.01076,2.4
,,,0.0108,-5.6,,,,,0.0108,2
,,,0.01084,-5.8,,,,,0.01084,1.8
,,,0.01088,-6,,,,,0.01088,1.2
,,,0.01092,-6.2,,,,,0.01092,1.2
,,,0.01096,-6.4,,,,,0.01096,1
,,,0.011,-6.6,,,,,0.011,0.4
,,,0.01104,-6.8,,,,,0.01104,0.2
,,,0.01108,-7,,,,,0.01108,-0.2
,,,0.01112,-7.4,,,,,0.01112,-0.6
,,,0.01116,-7.4,,,,,0.01116,-1
,,,0.0112,-7.8,,,,,0.0112,-1
,,,0.01124,-8,,,,,0.01124,-1.4
,,,0.01128,-8.2,,,,,0.01128,-2
,,,0.01132,-8.4,,,,,0.01132,-2
,,,0.01136,-8.6,,,,,0.01136,-2.4
,,,0.0114,-8.8,,,,,0.0114,-2.6
,,,0.01144,-9.2,,,,,0.01144,-3
,,,0.01148,-9.4,,,,,0.01148,-3.6
,,,0.01152,-9.6,,,,,0.01152,-3.6
,,,0.01156,-9.8,,,,,0.01156,-4
,,,0.0116,-9.8,,,,,0.0116,-4.2
,,,0.01164,-10,,,,,0.01164,-4.4
,,,0.01168,-10.2,,,,,0.01168,-4.8
,,,0.01172,-10.4,,,,,0.01172,-4.8
,,,0.01176,-10.6,,,,,0.01176,-5.2
,,,0.0118,-10.8,,,,,0.0118,-5.4
,,,0.01184,-11,,,,,0.01184,-5.6
,,,0.01188,-11.2,,,,,0.01188,-6
,,,0.01192,-11.4,,,,,0.01192,-6.2
,,,0.01196,-11.4,,,,,0.01196,-6.2
,,,0.012,-11.8,,,,,0.012,-6.6
,,,0.01204,-12,,,,,0.01204,-6.6
,,,0.01208,-12.2,,,,,0.01208,-6.8
,,,0.01212,-12.4,,,,,0.01212,-7
,,,0.01216,-12.6,,,,,0.01216,-7.2
,,,0.0122,-13,,,,,0.0122,-7.4
,,,0.01224,-13,,,,,0.01224,-7.6
,,,0.01228,-13.4,,,,,0.01228,-7.8
,,,0.01232,-13.4,,,,,0.01232,-8
,,,0.01236,-13.6,,,,,0.01236,-8
,,,0.0124,-13.8,,,,,0.0124,-7.8
,,,0.01244,-14,,,,,0.01244,-8.2
,,,0.01248,-14,,,,,0.01248,-8.2
,,,0.01252,-14.4,,,,,0.01252,-8.4
,,,0.01256,-14.4,,,,,0.01256,-8.2
,,,0.0126,-14.6,,,,,0.0126,-8.6
,,,0.01264,-14.6,,,,,0.01264,-8.6
,,,0.01268,-14.8,,,,,0.01268,-8.6
,,,0.01272,-15,,,,,0.01272,-8.6
,,,0.01276,-15.2,,,,,0.01276,-8.8
,,,0.0128,-15.4,,,,,0.0128,-8.8
,,,0.01284,-15.4,,,,,0.01284,-8.8
,,,0.01288,-15.6,,,,,0.01288,-8.8
,,,0.01292,-15.6,,,,,0.01292,-9
,,,0.01296,-15.8,,,,,0.01296,-9
,,,0.013,-16,,,,,0.013,-9
,,,0.01304,-16.2,,,,,0.01304,-9
,,,0.01308,-16.2,,,,,0.01308,-9
,,,0.01312,-16.2,,,,,0.01312,-9
,,,0.01316,-16.2,,,,,0.01316,-9.2
,,,0.0132,-16.4,,,,,0.0132,-9.2
,,,0.01324,-16.4,,,,,0.01324,-9.2
,,,0.01328,-16.4,,,,,0.01328,-9.2
,,,0.01332,-16.6,,,,,0.01332,-9.2
,,,0.01336,-16.6,,,,,0.01336,-9.2
,,,0.0134,-16.6,,,,,0.0134,-9.4
,,,0.01344,-16.8,,,,,0.01344,-9.4
,,,0.01348,-16.8,,,,,0.01348,-9.4
,,,0.01352,-17,,,,,0.01352,-9.4
,,,0.01356,-17.2,,,,,0.01356,-9.4
,,,0.0136,-17.2,,,,,0.0136,-9.2
,,,0.01364,-17.2,,,,,0.01364,-9.4
,,,0.01368,-17.2,,,,,0.01368,-9.6
,,,0.01372,-17.4,,,,,0.01372,-9.4
,,,0.01376,-17.4,,,,,0.01376,-9.6
,,,0.0138,-17.4,,,,,0.0138,-9.4
,,,0.01384,-17.6,,,,,0.01384,-9.6
,,,0.01388,-17.6,,,,,0.01388,-9.4
,,,0.01392,-17.6,,,,,0.01392,-9.4
,,,0.01396,-17.6,,,,,0.01396,-9.6
,,,0.014,-17.8,,,,,0.014,-9.6
,,,0.01404,-17.8,,,,,0.01404,-9.4
,,,0.01408,-17.8,,,,,0.01408,-9.6
,,,0.01412,-17.8,,,,,0.01412,-9.6
,,,0.01416,-17.8,,,,,0.01416,-9.6
,,,0.0142,-18,,,,,0.0142,-9.6
,,,0.01424,-18,,,,,0.01424,-9.8
,,,0.01428,-18,,,,,0.01428,-9.8
,,,0.01432,-18,,,,,0.01432,-9.6
,,,0.01436,-18,,,,,0.01436,-9.8
,,,0.0144,-18,,,,,0.0144,-9.6
,,,0.01444,-18,,,,,0.01444,-9.4
,,,0.01448,-18,,,,,0.01448,-9.8
,,,0.01452,-18,,,,,0.01452,-9.8
,,,0.01456,-18,,,,,0.01456,-9.6
,,,0.0146,-18,,,,,0.0146,-9.6
,,,0.01464,-18,,,,,0.01464,-9.6
,,,0.01468,-18,,,,,0.01468,-9.6
,,,0.01472,-18.2,,,,,0.01472,-9.6
,,,0.01476,-18,,,,,0.01476,-9.6
,,,0.0148,-18,,,,,0.0148,-9.6
,,,0.01484,-18,,,,,0.01484,-9.8
,,,0.01488,-18,,,,,0.01488,-9.6
,,,0.01492,-18.2,,,,,0.01492,-9.6
,,,0.01496,-18.2,,,,,0.01496,-9.6
,,,0.015,-18.2,,,,,0.015,-9.8
,,,0.01504,-18.2,,,,,0.01504,-9.6
,,,0.01508,-18.2,,,,,0.01508,-9.8
,,,0.01512,-18.2,,,,,0.01512,-9.8
,,,0.01516,-18.2,,,,,0.01516,-9.6
,,,0.0152,-18.2,,,,,0.0152,-9.6
,,,0.01524,-18,,,,,0.01524,-9.8
,,,0.01528,-18.2,,,,,0.01528,-9.8
,,,0.01532,-18.2,,,,,0.01532,-9.8
,,,0.01536,-18.2,,,,,0.01536,-9.6
,,,0.0154,-18.2,,,,,0.0154,-9.6
,,,0.01544,-18.4,,,,,0.01544,-9.6
,,,0.01548,-18.2,,,,,0.01548,-9.8
,,,0.01552,-18.2,,,,,0.01552,-9.8
,,,0.01556,-18.2,,,,,0.01556,-9.8
,,,0.0156,-18.2,,,,,0.0156,-9.8
,,,0.01564,-18.2,,,,,0.01564,-9.8
,,,0.01568,-18.2,,,,,0.01568,-9.8
,,,0.01572,-18.2,,,,,0.01572,-9.6
,,,0.01576,-18.2,,,,,0.01576,-9.8
,,,0.0158,-18.2,,,,,0.0158,-9.6
,,,0.01584,-18.2,,,,,0.01584,-9.8
,,,0.01588,-18.2,,,,,0.01588,-9.8
,,,0.01592,-18.2,,,,,0.01592,-9.8
,,,0.01596,-18.2,,,,,0.01596,-9.6
,,,0.016,-18.2,,,,,0.016,-9.8
,,,0.01604,-18,,,,,0.01604,-9.8
,,,0.01608,-18,,,,,0.01608,-9.6
,,,0.01612,-18,,,,,0.01612,-9.8
,,,0.01616,-18,,,,,0.01616,-9.8
,,,0.0162,-18,,,,,0.0162,-10
,,,0.01624,-17.6,,,,,0.01624,-9.8
,,,0.01628,-17.6,,,,,0.01628,-9.8
,,,0.01632,-17.4,,,,,0.01632,-9.8
,,,0.01636,-17.2,,,,,0.01636,-9.6
,,,0.0164,-17,,,,,0.0164,-9.6
,,,0.01644,-16.8,,,,,0.01644,-9.6
,,,0.01648,-16.4,,,,,0.01648,-9.6
,,,0.01652,-16.2,,,,,0.01652,-9.6
,,,0.01656,-16.2,,,,,0.01656,-9.8
,,,0.0166,-16,,,,,0.0166,-9.8
,,,0.01664,-15.8,,,,,0.01664,-9.6
,,,0.01668,-15.8,,,,,0.01668,-9.6
,,,0.01672,-15.6,,,,,0.01672,-9.8
,,,0.01676,-15.4,,,,,0.01676,-9.6
,,,0.0168,-15.4,,,,,0.0168,-9.6
,,,0.01684,-15.4,,,,,0.01684,-9.6
,,,0.01688,-15.2,,,,,0.01688,-9.6
,,,0.01692,-15,,,,,0.01692,-9.6
,,,0.01696,-14.8,,,,,0.01696,-9.6
,,,0.017,-14.6,,,,,0.017,-9.8
,,,0.01704,-14.6,,,,,0.01704,-9.6
,,,0.01708,-14.4,,,,,0.01708,-9.6
,,,0.01712,-14.2,,,,,0.01712,-9.6
,,,0.01716,-14.2,,,,,0.01716,-9.6
,,,0.0172,-14,,,,,0.0172,-9.6
,,,0.01724,-13.8,,,,,0.01724,-9.6
,,,0.01728,-13.6,,,,,0.01728,-9.6
,,,0.01732,-13.4,,,,,0.01732,-9.6
,,,0.01736,-13.2,,,,,0.01736,-9.6
,,,0.0174,-13,,,,,0.0174,-9.6
,,,0.01744,-12.8,,,,,0.01744,-9.4
,,,0.01748,-12.8,,,,,0.01748,-9.2
,,,0.01752,-12.4,,,,,0.01752,-9.4
,,,0.01756,-12.2,,,,,0.01756,-9.4
,,,0.0176,-12,,,,,0.0176,-9.6
,,,0.01764,-11.8,,,,,0.01764,-9.4
,,,0.01768,-11.6,,,,,0.01768,-9.4
,,,0.01772,-11.4,,,,,0.01772,-9.4
,,,0.01776,-11.2,,,,,0.01776,-9.4
,,,0.0178,-11.2,,,,,0.0178,-9.4
,,,0.01784,-10.8,,,,,0.01784,-9.4
,,,0.01788,-10.6,,,,,0.01788,-9.4
,,,0.01792,-10.4,,,,,0.01792,-9.4
,,,0.01796,-10.2,,,,,0.01796,-9.4
,,,0.018,-10,,,,,0.018,-9.4
,,,0.01804,-9.8,,,,,0.01804,-9.2
,,,0.01808,-9.6,,,,,0.01808,-9.4
,,,0.01812,-9.4,,,,,0.01812,-9.2
,,,0.01816,-9.2,,,,,0.01816,-9.2
,,,0.0182,-9,,,,,0.0182,-9.2
,,,0.01824,-8.8,,,,,0.01824,-9.4
,,,0.01828,-8.6,,,,,0.01828,-9.2
,,,0.01832,-8.2,,,,,0.01832,-9.2
,,,0.01836,-8,,,,,0.01836,-9.4
,,,0.0184,-8,,,,,0.0184,-9.2
,,,0.01844,-7.6,,,,,0.01844,-9.2
,,,0.01848,-7.6,,,,,0.01848,-9.2
,,,0.01852,-7.4,,,,,0.01852,-9.2
,,,0.01856,-7.2,,,,,0.01856,-9.2
,,,0.0186,-7,,,,,0.0186,-9.2
,,,0.01864,-6.6,,,,,0.01864,-9.2
,,,0.01868,-6.4,,,,,0.01868,-9
,,,0.01872,-6.2,,,,,0.01872,-9.2
,,,0.01876,-6,,,,,0.01876,-9
,,,0.0188,-5.8,,,,,0.0188,-9
,,,0.01884,-5.6,,,,,0.01884,-9
,,,0.01888,-5.2,,,,,0.01888,-9
,,,0.01892,-5.2,,,,,0.01892,-9
,,,0.01896,-5,,,,,0.01896,-9
,,,0.019,-4.6,,,,,0.019,-9
,,,0.01904,-4.4,,,,,0.01904,-8.8
,,,0.01908,-4.2,,,,,0.01908,-8.8
,,,0.01912,-4,,,,,0.01912,-9
,,,0.01916,-3.8,,,,,0.01916,-8.8
,,,0.0192,-3.4,,,,,0.0192,-9
,,,0.01924,-3.2,,,,,0.01924,-9
,,,0.01928,-3,,,,,0.01928,-8.8
,,,0.01932,-2.8,,,,,0.01932,-8.8
,,,0.01936,-2.4,,,,,0.01936,-8.8
,,,0.0194,-2.2,,,,,0.0194,-8.8
,,,0.01944,-2,,,,,0.01944,-8.8
,,,0.01948,-1.8,,,,,0.01948,-8.8
,,,0.01952,-1.6,,,,,0.01952,-8.8
,,,0.01956,-1.2,,,,,0.01956,-8.8
,,,0.0196,-1,,,,,0.0196,-8.8
,,,0.01964,-0.6,,,,,0.01964,-8.6
,,,0.01968,-0.6,,,,,0.01968,-8.6
,,,0.01972,-0.2,,,,,0.01972,-8.6
,,,0.01976,0,,,,,0.01976,-8.4
,,,0.0198,0.2,,,,,0.0198,-8.4
,,,0.01984,0.6,,,,,0.01984,-8.4
,,,0.01988,0.6,,,,,0.01988,-8.2
,,,0.01992,1,,,,,0.01992,-8
,,,0.01996,1.2,,,,,0.01996,-7.8
,,,0.02,1.4,,,,,0.02,-7.6
,,,0.02004,1.6,,,,,0.02004,-7.4
,,,0.02008,1.8,,,,,0.02008,-7.2
,,,0.02012,2,,,,,0.02012,-7
,,,0.02016,2.2,,,,,0.02016,-6.8
,,,0.0202,2.4,,,,,0.0202,-6.4
,,,0.02024,2.8,,,,,0.02024,-6.4
,,,0.02028,3,,,,,0.02028,-6
,,,0.02032,3,,,,,0.02032,-5.8
,,,0.02036,3.2,,,,,0.02036,-5.6
,,,0.0204,3.4,,,,,0.0204,-5.2
,,,0.02044,3.8,,,,,0.02044,-5
,,,0.02048,4,,,,,0.02048,-4.6
,,,0.02052,4.2,,,,,0.02052,-4.6
,,,0.02056,4.4,,,,,0.02056,-4.2
,,,0.0206,4.8,,,,,0.0206,-3.8
,,,0.02064,4.8,,,,,0.02064,-3.4
,,,0.02068,5,,,,,0.02068,-3
,,,0.02072,5.2,,,,,0.02072,-2.8
,,,0.02076,5.6,,,,,0.02076,-2.4
,,,0.0208,5.8,,,,,0.0208,-2.2
,,,0.02084,5.8,,,,,0.02084,-1.8
,,,0.02088,6,,,,,0.02088,-1.4
,,,0.02092,6.2,,,,,0.02092,-1
,,,0.02096,6.6,,,,,0.02096,-1
,,,0.021,6.6,,,,,0.021,-0.4
,,,0.02104,6.8,,,,,0.02104,-0.2
,,,0.02108,7.2,,,,,0.02108,0.2
,,,0.02112,7.4,,,,,0.02112,0.6
,,,0.02116,7.6,,,,,0.02116,0.8
,,,0.0212,7.8,,,,,0.0212,1.2
,,,0.02124,8,,,,,0.02124,1.6
,,,0.02128,8.2,,,,,0.02128,1.8
,,,0.02132,8.4,,,,,0.02132,2.2
,,,0.02136,8.8,,,,,0.02136,2.4
,,,0.0214,9,,,,,0.0214,2.8
,,,0.02144,9.2,,,,,0.02144,3
,,,0.02148,9.4,,,,,0.02148,3.4
,,,0.02152,9.6,,,,,0.02152,3.8
,,,0.02156,9.8,,,,,0.02156,4
,,,0.0216,10,,,,,0.0216,4.6
,,,0.02164,10.2,,,,,0.02164,4.6
,,,0.02168,10.4,,,,,0.02168,4.8
,,,0.02172,10.6,,,,,0.02172,5.2
,,,0.02176,10.6,,,,,0.02176,5.4
,,,0.0218,10.8,,,,,0.0218,5.4
,,,0.02184,11,,,,,0.02184,5.8
,,,0.02188,11.2,,,,,0.02188,6
,,,0.02192,11.4,,,,,0.02192,6.2
,,,0.02196,11.6,,,,,0.02196,6.6
,,,0.022,11.8,,,,,0.022,6.6
,,,0.02204,12.2,,,,,0.02204,7
,,,0.02208,12.4,,,,,0.02208,7
,,,0.02212,12.6,,,,,0.02212,7.4
,,,0.02216,12.8,,,,,0.02216,7.4
,,,0.0222,13,,,,,0.0222,7.6
,,,0.02224,13.2,,,,,0.02224,7.6
,,,0.02228,13.4,,,,,0.02228,7.8
,,,0.02232,13.4,,,,,0.02232,8
,,,0.02236,13.8,,,,,0.02236,8
,,,0.0224,13.8,,,,,0.0224,8.2
,,,0.02244,14.2,,,,,0.02244,8.4
,,,0.02248,14.2,,,,,0.02248,8.4
,,,0.02252,14.4,,,,,0.02252,8.6
,,,0.02256,14.6,,,,,0.02256,8.6
,,,0.0226,14.8,,,,,0.0226,8.8
,,,0.02264,15,,,,,0.02264,8.8
,,,0.02268,15,,,,,0.02268,8.8
,,,0.02272,15.2,,,,,0.02272,8.8
,,,0.02276,15.4,,,,,0.02276,8.8
,,,0.0228,15.6,,,,,0.0228,9
,,,0.02284,15.6,,,,,0.02284,9.2
,,,0.02288,15.8,,,,,0.02288,9.4
,,,0.02292,16,,,,,0.02292,9
,,,0.02296,16,,,,,0.02296,9.2
,,,0.023,16,,,,,0.023,9.4
,,,0.02304,16.2,,,,,0.02304,9.4
,,,0.02308,16.4,,,,,0.02308,9.4
,,,0.02312,16.4,,,,,0.02312,9.4
,,,0.02316,16.4,,,,,0.02316,9.6
,,,0.0232,16.6,,,,,0.0232,9.4
,,,0.02324,16.6,,,,,0.02324,9.4
,,,0.02328,16.8,,,,,0.02328,9.4
,,,0.02332,16.8,,,,,0.02332,9.4
,,,0.02336,16.8,,,,,0.02336,9.6
,,,0.0234,16.8,,,,,0.0234,9.4
,,,0.02344,17,,,,,0.02344,9.4
,,,0.02348,17.2,,,,,0.02348,9.6
,,,0.02352,17.2,,,,,0.02352,9.6
,,,0.02356,17.2,,,,,0.02356,9.8
,,,0.0236,17.4,,,,,0.0236,9.8
,,,0.02364,17.4,,,,,0.02364,9.6
,,,0.02368,17.6,,,,,0.02368,9.8
,,,0.02372,17.6,,,,,0.02372,9.6
,,,0.02376,17.6,,,,,0.02376,9.6
,,,0.0238,17.6,,,,,0.0238,9.8
,,,0.02384,17.6,,,,,0.02384,9.6
,,,0.02388,17.8,,,,,0.02388,9.8
,,,0.02392,17.8,,,,,0.02392,9.8
,,,0.02396,17.8,,,,,0.02396,10
,,,0.024,17.8,,,,,0.024,9.8
,,,0.02404,17.8,,,,,0.02404,9.8
,,,0.02408,18,,,,,0.02408,9.8
,,,0.02412,18,,,,,0.02412,9.8
,,,0.02416,18,,,,,0.02416,9.8
,,,0.0242,18,,,,,0.0242,9.8
,,,0.02424,18,,,,,0.02424,9.8
,,,0.02428,18,,,,,0.02428,9.8
,,,0.02432,18.2,,,,,0.02432,9.8
,,,0.02436,18.2,,,,,0.02436,9.8
,,,0.0244,18.2,,,,,0.0244,9.8
,,,0.02444,18.2,,,,,0.02444,9.8
,,,0.02448,18.2,,,,,0.02448,10
,,,0.02452,18.2,,,,,0.02452,9.8
,,,0.02456,18.4,,,,,0.02456,9.8
,,,0.0246,18.2,,,,,0.0246,10
,,,0.02464,18.2,,,,,0.02464,9.8
,,,0.02468,18.2,,,,,0.02468,9.8
,,,0.02472,18.4,,,,,0.02472,9.8
,,,0.02476,18.4,,,,,0.02476,10
,,,0.0248,18.4,,,,,0.0248,10
,,,0.02484,18.4,,,,,0.02484,9.8
,,,0.02488,18.4,,,,,0.02488,9.8
,,,0.02492,18.4,,,,,0.02492,9.8
,,,0.02496,18.4,,,,,0.02496,10
,,,0.025,18.4,,,,,0.025,9.8
,,,0.02504,18.4,,,,,0.02504,10
,,,0.02508,18.4,,,,,0.02508,10
,,,0.02512,18.4,,,,,0.02512,9.8
,,,0.02516,18.4,,,,,0.02516,10
,,,0.0252,18.4,,,,,0.0252,9.8
,,,0.02524,18.4,,,,,0.02524,9.8
,,,0.02528,18.4,,,,,0.02528,10
,,,0.02532,18.4,,,,,0.02532,9.8
,,,0.02536,18.4,,,,,0.02536,9.8
,,,0.0254,18.4,,,,,0.0254,10
,,,0.02544,18.4,,,,,0.02544,10
,,,0.02548,18.4,,,,,0.02548,9.8
,,,0.02552,18.6,,,,,0.02552,10
,,,0.02556,18.4,,,,,0.02556,10
,,,0.0256,18.6,,,,,0.0256,10
,,,0.02564,18.4,,,,,0.02564,9.8
,,,0.02568,18.4,,,,,0.02568,9.8
,,,0.02572,18.4,,,,,0.02572,10
,,,0.02576,18.4,,,,,0.02576,10
,,,0.0258,18.4,,,,,0.0258,10
,,,0.02584,18.4,,,,,0.02584,10
,,,0.02588,18.4,,,,,0.02588,10
,,,0.02592,18.4,,,,,0.02592,9.8
,,,0.02596,18.4,,,,,0.02596,10.2
,,,0.026,18.4,,,,,0.026,9.8
,,,0.02604,18.4,,,,,0.02604,9.8
,,,0.02608,18.4,,,,,0.02608,9.8
,,,0.02612,18.2,,,,,0.02612,9.8
,,,0.02616,18.2,,,,,0.02616,9.8
,,,0.0262,18.2,,,,,0.0262,10
,,,0.02624,17.8,,,,,0.02624,10
,,,0.02628,17.8,,,,,0.02628,10
,,,0.02632,17.6,,,,,0.02632,9.8
,,,0.02636,17.4,,,,,0.02636,9.8
,,,0.0264,17.2,,,,,0.0264,9.8
,,,0.02644,17,,,,,0.02644,10
,,,0.02648,16.8,,,,,0.02648,9.8
,,,0.02652,16.4,,,,,0.02652,9.8
,,,0.02656,16.4,,,,,0.02656,10
,,,0.0266,16.2,,,,,0.0266,9.8
,,,0.02664,16,,,,,0.02664,9.8
,,,0.02668,16,,,,,0.02668,9.8
,,,0.02672,15.8,,,,,0.02672,9.8
,,,0.02676,15.8,,,,,0.02676,10
,,,0.0268,15.6,,,,,0.0268,9.8
,,,0.02684,15.4,,,,,0.02684,9.8
,,,0.02688,15.4,,,,,0.02688,9.8
,,,0.02692,15.2,,,,,0.02692,10
,,,0.02696,15,,,,,0.02696,9.8
,,,0.027,15,,,,,0.027,9.8
,,,0.02704,14.6,,,,,0.02704,9.8
,,,0.02708,14.4,,,,,0.02708,9.8
,,,0.02712,14.4,,,,,0.02712,9.8
,,,0.02716,14.2,,,,,0.02716,9.8
,,,0.0272,14,,,,,0.0272,9.6
,,,0.02724,14,,,,,0.02724,9.8
,,,0.02728,13.6,,,,,0.02728,9.8
,,,0.02732,13.4,,,,,0.02732,9.8
,,,0.02736,13.4,,,,,0.02736,9.8
,,,0.0274,13.2,,,,,0.0274,9.6
,,,0.02744,13,,,,,0.02744,9.8
,,,0.02748,12.8,,,,,0.02748,9.6
,,,0.02752,12.6,,,,,0.02752,9.8
,,,0.02756,12.4,,,,,0.02756,9.6
,,,0.0276,12.2,,,,,0.0276,9.8
,,,0.02764,12,,,,,0.02764,9.6
,,,0.02768,11.8,,,,,0.02768,9.6
,,,0.02772,11.6,,,,,0.02772,9.8
,,,0.02776,11.2,,,,,0.02776,9.6
,,,0.0278,11,,,,,0.0278,9.8
,,,0.02784,11,,,,,0.02784,9.6
,,,0.02788,10.8,,,,,0.02788,9.6
,,,0.02792,10.6,,,,,0.02792,9.4
,,,0.02796,10.4,,,,,0.02796,9.6
,,,0.028,10.2,,,,,0.028,9.8
,,,0.02804,10,,,,,0.02804,9.6
,,,0.02808,9.8,,,,,0.02808,9.6
,,,0.02812,9.6,,,,,0.02812,9.6
,,,0.02816,9.4,,,,,0.02816,9.6
,,,0.0282,9,,,,,0.0282,9.6
,,,0.02824,8.8,,,,,0.02824,9.4
,,,0.02828,8.8,,,,,0.02828,9.4
,,,0.02832,8.4,,,,,0.02832,9.4
,,,0.02836,8.4,,,,,0.02836,9.6
,,,0.0284,8.2,,,,,0.0284,9.6
,,,0.02844,7.8,,,,,0.02844,9.2
,,,0.02848,7.8,,,,,0.02848,9.4
,,,0.02852,7.4,,,,,0.02852,9.4
,,,0.02856,7.2,,,,,0.02856,9.4
,,,0.0286,7,,,,,0.0286,9.4
,,,0.02864,6.8,,,,,0.02864,9.4
,,,0.02868,6.4,,,,,0.02868,9.4
,,,0.02872,6.4,,,,,0.02872,9.4
,,,0.02876,6.2,,,,,0.02876,9.4
,,,0.0288,6,,,,,0.0288,9.4
,,,0.02884,5.6,,,,,0.02884,9.4
,,,0.02888,5.4,,,,,0.02888,9.4
,,,0.02892,5.2,,,,,0.02892,9.2
,,,0.02896,5,,,,,0.02896,9.2
,,,0.029,4.8,,,,,0.029,9.4
,,,0.02904,4.8,,,,,0.02904,9.2
,,,0.02908,4.4,,,,,0.02908,9
,,,0.02912,4.2,,,,,0.02912,9.2
,,,0.02916,3.8,,,,,0.02916,9.2
,,,0.0292,3.6,,,,,0.0292,9.2
,,,0.02924,3.4,,,,,0.02924,9.2
,,,0.02928,3,,,,,0.02928,9.2
,,,0.02932,2.8,,,,,0.02932,9.2
,,,0.02936,2.6,,,,,0.02936,9
,,,0.0294,2.4,,,,,0.0294,9
,,,0.02944,2.2,,,,,0.02944,9
,,,0.02948,1.8,,,,,0.02948,9.2
,,,0.02952,1.6,,,,,0.02952,9.2
,,,0.02956,1.4,,,,,0.02956,9
,,,0.0296,1.2,,,,,0.0296,8.8
,,,0.02964,1,,,,,0.02964,8.8
,,,0.02968,0.6,,,,,0.02968,8.8
,,,0.02972,0.2,,,,,0.02972,8.8
,,,0.02976,0,,,,,0.02976,8.8
,,,0.0298,-0.2,,,,,0.0298,8.8
,,,0.02984,-0.4,,,,,0.02984,8.6
,,,0.02988,-0.6,,,,,0.02988,8.4
,,,0.02992,-0.8,,,,,0.02992,8
,,,0.02996,-1,,,,,0.02996,7.8
,,,0.03,-1.2,,,,,0.03,7.8
,,,0.03004,-1.6,,,,,0.03004,7.6
,,,0.03008,-1.8,,,,,0.03008,7.4
,,,0.03012,-1.8,,,,,0.03012,7.2
,,,0.03016,-2,,,,,0.03016,6.8
,,,0.0302,-2.4,,,,,0.0302,6.6
,,,0.03024,-2.6,,,,,0.03024,6.4
,,,0.03028,-2.8,,,,,0.03028,6
,,,0.03032,-3,,,,,0.03032,6
,,,0.03036,-3.2,,,,,0.03036,5.6
,,,0.0304,-3.4,,,,,0.0304,5.2
,,,0.03044,-3.6,,,,,0.03044,5
,,,0.03048,-3.8,,,,,0.03048,4.6
,,,0.03052,-4.2,,,,,0.03052,4.4
,,,0.03056,-4.4,,,,,0.03056,4
,,,0.0306,-4.6,,,,,0.0306,3.8
,,,0.03064,-5,,,,,0.03064,3.6
,,,0.03068,-5,,,,,0.03068,3.2
,,,0.03072,-5.2,,,,,0.03072,2.8
,,,0.03076,-5.4,,,,,0.03076,2.4
,,,0.0308,-5.6,,,,,0.0308,2.2
,,,0.03084,-5.8,,,,,0.03084,1.8
,,,0.03088,-6,,,,,0.03088,1.6
,,,0.03092,-6.2,,,,,0.03092,1.2
,,,0.03096,-6.4,,,,,0.03096,1
,,,0.031,-6.6,,,,,0.031,0.4
,,,0.03104,-6.8,,,,,0.03104,0.2
,,,0.03108,-7.2,,,,,0.03108,-0.2
,,,0.03112,-7.4,,,,,0.03112,-0.4
,,,0.03116,-7.4,,,,,0.03116,-0.8
,,,0.0312,-7.8,,,,,0.0312,-1
,,,0.03124,-8,,,,,0.03124,-1.6
,,,0.03128,-8.2,,,,,0.03128,-1.8
,,,0.03132,-8.4,,,,,0.03132,-2
,,,0.03136,-8.6,,,,,0.03136,-2.6
,,,0.0314,-8.8,,,,,0.0314,-2.8
,,,0.03144,-9.2,,,,,0.03144,-3
,,,0.03148,-9.2,,,,,0.03148,-3.2
,,,0.03152,-9.6,,,,,0.03152,-3.8
,,,0.03156,-9.6,,,,,0.03156,-4
,,,0.0316,-9.8,,,,,0.0316,-4.2
,,,0.03164,-10,,,,,0.03164,-4.6
,,,0.03168,-10.4,,,,,0.03168,-4.8
,,,0.03172,-10.4,,,,,0.03172,-5
,,,0.03176,-10.6,,,,,0.03176,-5.2
,,,0.0318,-10.8,,,,,0.0318,-5.6
,,,0.03184,-11,,,,,0.03184,-5.8
,,,0.03188,-11.2,,,,,0.03188,-6
,,,0.03192,-11.2,,,,,0.03192,-6.2
,,,0.03196,-11.4,,,,,0.03196,-6.4
,,,0.032,-11.8,,,,,0.032,-6.6
,,,0.03204,-12,,,,,0.03204,-6.6
,,,0.03208,-12.2,,,,,0.03208,-6.8
,,,0.03212,-12.4,,,,,0.03212,-7.2
,,,0.03216,-12.8,,,,,0.03216,-7.2
,,,0.0322,-12.8,,,,,0.0322,-7.2
,,,0.03224,-13,,,,,0.03224,-7.4
,,,0.03228,-13.2,,,,,0.03228,-7.6
,,,0.03232,-13.4,,,,,0.03232,-7.8
,,,0.03236,-13.6,,,,,0.03236,-7.8
,,,0.0324,-13.8,,,,,0.0324,-8
,,,0.03244,-14,,,,,0.03244,-8.2
,,,0.03248,-14,,,,,0.03248,-8.2
,,,0.03252,-14.2,,,,,0.03252,-8.4
,,,0.03256,-14.4,,,,,0.03256,-8.4
,,,0.0326,-14.6,,,,,0.0326,-8.4
,,,0.03264,-14.8,,,,,0.03264,-8.6
,,,0.03268,-14.8,,,,,0.03268,-8.6
,,,0.03272,-15,,,,,0.03272,-8.6
,,,0.03276,-15.2,,,,,0.03276,-8.6
,,,0.0328,-15.4,,,,,0.0328,-8.8
,,,0.03284,-15.4,,,,,0.03284,-8.8
,,,0.03288,-15.6,,,,,0.03288,-8.8
,,,0.03292,-15.6,,,,,0.03292,-8.8
,,,0.03296,-15.8,,,,,0.03296,-9
,,,0.033,-16,,,,,0.033,-9
,,,0.03304,-16.2,,,,,0.03304,-8.8
,,,0.03308,-16.2,,,,,0.03308,-9.2
,,,0.03312,-16.2,,,,,0.03312,-9.2
,,,0.03316,-16.2,,,,,0.03316,-9
,,,0.0332,-16.4,,,,,0.0332,-9
,,,0.03324,-16.4,,,,,0.03324,-9.4
,,,0.03328,-16.6,,,,,0.03328,-9.2
,,,0.03332,-16.6,,,,,0.03332,-9.2
,,,0.03336,-16.8,,,,,0.03336,-9.4
,,,0.0334,-16.6,,,,,0.0334,-9.4
,,,0.03344,-16.8,,,,,0.03344,-9.4
,,,0.03348,-16.8,,,,,0.03348,-9.4
,,,0.03352,-17,,,,,0.03352,-9.4
,,,0.03356,-17.2,,,,,0.03356,-9.4
,,,0.0336,-17.2,,,,,0.0336,-9.4
,,,0.03364,-17.2,,,,,0.03364,-9.4
,,,0.03368,-17.2,,,,,0.03368,-9.6
,,,0.03372,-17.4,,,,,0.03372,-9.4
,,,0.03376,-17.4,,,,,0.03376,-9.6
,,,0.0338,-17.4,,,,,0.0338,-9.4
,,,0.03384,-17.6,,,,,0.03384,-9.6
,,,0.03388,-17.6,,,,,0.03388,-9.4
,,,0.03392,-17.6,,,,,0.03392,-9.4
,,,0.03396,-17.6,,,,,0.03396,-9.6
,,,0.034,-17.8,,,,,0.034,-9.4
,,,0.03404,-17.6,,,,,0.03404,-9.6
,,,0.03408,-17.8,,,,,0.03408,-9.6
,,,0.03412,-17.8,,,,,0.03412,-9.6
,,,0.03416,-17.8,,,,,0.03416,-9.6
,,,0.0342,-17.8,,,,,0.0342,-9.6
,,,0.03424,-17.8,,,,,0.03424,-9.6
,,,0.03428,-18,,,,,0.03428,-9.6
,,,0.03432,-18,,,,,0.03432,-9.6
,,,0.03436,-17.8,,,,,0.03436,-9.6
,,,0.0344,-18,,,,,0.0344,-9.6
,,,0.03444,-18,,,,,0.03444,-9.6
,,,0.03448,-18,,,,,0.03448,-9.6
,,,0.03452,-18,,,,,0.03452,-9.6
,,,0.03456,-18,,,,,0.03456,-9.6
,,,0.0346,-18,,,,,0.0346,-9.8
,,,0.03464,-18,,,,,0.03464,-9.8
,,,0.03468,-18,,,,,0.03468,-9.8
,,,0.03472,-18.2,,,,,0.03472,-9.6
,,,0.03476,-18,,,,,0.03476,-9.8
,,,0.0348,-18,,,,,0.0348,-9.6
,,,0.03484,-18.2,,,,,0.03484,-9.8
,,,0.03488,-18.2,,,,,0.03488,-9.8
,,,0.03492,-18.2,,,,,0.03492,-9.6
,,,0.03496,-18.2,,,,,0.03496,-9.6
,,,0.035,-18.2,,,,,0.035,-9.6
,,,0.03504,-18,,,,,0.03504,-9.8
,,,0.03508,-18.2,,,,,0.03508,-9.8
,,,0.03512,-18.2,,,,,0.03512,-9.8
,,,0.03516,-18.2,,,,,0.03516,-9.6
,,,0.0352,-18.2,,,,,0.0352,-9.8
,,,0.03524,-18.2,,,,,0.03524,-9.8
,,,0.03528,-18.2,,,,,0.03528,-9.8
,,,0.03532,-18.2,,,,,0.03532,-9.6
,,,0.03536,-18.2,,,,,0.03536,-9.6
,,,0.0354,-18.2,,,,,0.0354,-9.6
,,,0.03544,-18.2,,,,,0.03544,-9.6
,,,0.03548,-18.2,,,,,0.03548,-9.8
,,,0.03552,-18.2,,,,,0.03552,-9.8
,,,0.03556,-18.2,,,,,0.03556,-9.6
,,,0.0356,-18.2,,,,,0.0356,-10
,,,0.03564,-18.2,,,,,0.03564,-9.8
,,,0.03568,-18.2,,,,,0.03568,-9.8
,,,0.03572,-18.2,,,,,0.03572,-9.8
,,,0.03576,-18.2,,,,,0.03576,-9.8
,,,0.0358,-18.2,,,,,0.0358,-9.8
,,,0.03584,-18.2,,,,,0.03584,-9.8
,,,0.03588,-18.2,,,,,0.03588,-9.8
,,,0.03592,-18.2,,,,,0.03592,-9.8
,,,0.03596,-18.2,,,,,0.03596,-10
,,,0.036,-18.2,,,,,0.036,-9.8
,,,0.03604,-18,,,,,0.03604,-10
,,,0.03608,-18,,,,,0.03608,-9.8
,,,0.03612,-18,,,,,0.03612,-9.8
,,,0.03616,-18,,,,,0.03616,-9.6
,,,0.0362,-17.8,,,,,0.0362,-9.6
,,,0.03624,-17.6,,,,,0.03624,-9.6
,,,0.03628,-17.4,,,,,0.03628,-9.6
,,,0.03632,-17.4,,,,,0.03632,-9.8
,,,0.03636,-17.2,,,,,0.03636,-9.8
,,,0.0364,-17,,,,,0.0364,-9.6
,,,0.03644,-16.8,,,,,0.03644,-9.8
,,,0.03648,-16.6,,,,,0.03648,-9.6
,,,0.03652,-16.2,,,,,0.03652,-9.8
,,,0.03656,-16.2,,,,,0.03656,-9.6
,,,0.0366,-16,,,,,0.0366,-9.8
,,,0.03664,-15.8,,,,,0.03664,-9.6
,,,0.03668,-15.6,,,,,0.03668,-9.6
,,,0.03672,-15.6,,,,,0.03672,-9.6
,,,0.03676,-15.4,,,,,0.03676,-9.8
,,,0.0368,-15.4,,,,,0.0368,-9.8
,,,0.03684,-15.2,,,,,0.03684,-9.6
,,,0.03688,-15.2,,,,,0.03688,-9.6
,,,0.03692,-15,,,,,0.03692,-9.6
,,,0.03696,-14.8,,,,,0.03696,-9.4
,,,0.037,-14.6,,,,,0.037,-9.4
,,,0.03704,-14.6,,,,,0.03704,-9.6
,,,0.03708,-14.6,,,,,0.03708,-9.8
,,,0.03712,-14.4,,,,,0.03712,-9.6
,,,0.03716,-14.2,,,,,0.03716,-9.6
,,,0.0372,-14,,,,,0.0372,-9.6
,,,0.03724,-13.8,,,,,0.03724,-9.6
,,,0.03728,-13.6,,,,,0.03728,-9.6
,,,0.03732,-13.4,,,,,0.03732,-9.4
,,,0.03736,-13.2,,,,,0.03736,-9.6
,,,0.0374,-13,,,,,0.0374,-9.6
,,,0.03744,-12.8,,,,,0.03744,-9.4
,,,0.03748,-12.8,,,,,0.03748,-9.6
,,,0.03752,-12.6,,,,,0.03752,-9.4
,,,0.03756,-12.2,,,,,0.03756,-9.4
,,,0.0376,-12,,,,,0.0376,-9.4
,,,0.03764,-11.8,,,,,0.03764,-9.4
,,,0.03768,-11.6,,,,,0.03768,-9.6
,,,0.03772,-11.4,,,,,0.03772,-9.4
,,,0.03776,-11.2,,,,,0.03776,-9.2
,,,0.0378,-11.2,,,,,0.0378,-9.4
,,,0.03784,-11,,,,,0.03784,-9.4
,,,0.03788,-10.6,,,,,0.03788,-9.4
,,,0.03792,-10.4,,,,,0.03792,-9.4
,,,0.03796,-10.4,,,,,0.03796,-9.2
,,,0.038,-10,,,,,0.038,-9.2
,,,0.03804,-9.8,,,,,0.03804,-9.2
,,,0.03808,-9.6,,,,,0.03808,-9.2
,,,0.03812,-9.4,,,,,0.03812,-9.4
,,,0.03816,-9.2,,,,,0.03816,-9.4
,,,0.0382,-8.8,,,,,0.0382,-9.2
,,,0.03824,-8.6,,,,,0.03824,-9.2
,,,0.03828,-8.6,,,,,0.03828,-9.2
,,,0.03832,-8.4,,,,,0.03832,-9
,,,0.03836,-8,,,,,0.03836,-9.2
,,,0.0384,-7.8,,,,,0.0384,-9.2
,,,0.03844,-7.8,,,,,0.03844,-9
,,,0.03848,-7.4,,,,,0.03848,-9
,,,0.03852,-7.4,,,,,0.03852,-9.2
,,,0.03856,-7.2,,,,,0.03856,-9.2
,,,0.0386,-7,,,,,0.0386,-9.2
,,,0.03864,-6.8,,,,,0.03864,-9
,,,0.03868,-6.4,,,,,0.03868,-9.2
,,,0.03872,-6.2,,,,,0.03872,-9
,,,0.03876,-6,,,,,0.03876,-9
,,,0.0388,-5.8,,,,,0.0388,-9
,,,0.03884,-5.4,,,,,0.03884,-9
,,,0.03888,-5.4,,,,,0.03888,-9.2
,,,0.03892,-5.2,,,,,0.03892,-9
,,,0.03896,-5,,,,,0.03896,-9.2
,,,0.039,-4.6,,,,,0.039,-9
,,,0.03904,-4.4,,,,,0.03904,-9
,,,0.03908,-4.2,,,,,0.03908,-8.8
,,,0.03912,-4,,,,,0.03912,-9
,,,0.03916,-3.8,,,,,0.03916,-8.8
,,,0.0392,-3.6,,,,,0.0392,-9
,,,0.03924,-3.2,,,,,0.03924,-9
,,,0.03928,-3,,,,,0.03928,-9
,,,0.03932,-2.6,,,,,0.03932,-8.8
,,,0.03936,-2.6,,,,,0.03936,-8.8
,,,0.0394,-2.2,,,,,0.0394,-8.8
,,,0.03944,-2,,,,,0.03944,-8.8
,,,0.03948,-1.8,,,,,0.03948,-8.8
,,,0.03952,-1.6,,,,,0.03952,-8.8
,,,0.03956,-1.2,,,,,0.03956,-8.8
,,,0.0396,-1,,,,,0.0396,-8.8
,,,0.03964,-0.8,,,,,0.03964,-8.6
,,,0.03968,-0.6,,,,,0.03968,-8.6
,,,0.03972,-0.2,,,,,0.03972,-8.6
,,,0.03976,0,,,,,0.03976,-8.6
,,,0.0398,0.4,,,,,0.0398,-8.6
,,,0.03984,0.6,,,,,0.03984,-8.4
,,,0.03988,0.6,,,,,0.03988,-8.2
,,,0.03992,1,,,,,0.03992,-8
,,,0.03996,1.2,,,,,0.03996,-7.6
,,,0.04,1.4,,,,,0.04,-7.6
,,,0.04004,1.6,,,,,0.04004,-7.4
,,,0.04008,1.6,,,,,0.04008,-7.2
,,,0.04012,1.8,,,,,0.04012,-7
,,,0.04016,2.2,,,,,0.04016,-7
,,,0.0402,2.4,,,,,0.0402,-6.6
,,,0.04024,2.8,,,,,0.04024,-6.4
,,,0.04028,3,,,,,0.04028,-6.2
,,,0.04032,3.2,,,,,0.04032,-5.8
,,,0.04036,3.2,,,,,0.04036,-5.6
,,,0.0404,3.6,,,,,0.0404,-5.2
,,,0.04044,3.8,,,,,0.04044,-5
,,,0.04048,4,,,,,0.04048,-4.8
,,,0.04052,4,,,,,0.04052,-4.4
,,,0.04056,4.4,,,,,0.04056,-4.2
,,,0.0406,4.6,,,,,0.0406,-3.8
,,,0.04064,4.8,,,,,0.04064,-3.4
,,,0.04068,5.2,,,,,0.04068,-3
,,,0.04072,5.2,,,,,0.04072,-2.8
,,,0.04076,5.4,,,,,0.04076,-2.6
,,,0.0408,5.6,,,,,0.0408,-2.2
,,,0.04084,5.8,,,,,0.04084,-2
,,,0.04088,6,,,,,0.04088,-1.4
,,,0.04092,6.2,,,,,0.04092,-1
,,,0.04096,6.6,,,,,0.04096,-0.8
,,,0.041,6.8,,,,,0.041,-0.4
,,,0.04104,6.8,,,,,0.04104,-0.4
,,,0.04108,7.2,,,,,0.04108,0.2
,,,0.04112,7.4,,,,,0.04112,0.6
,,,0.04116,7.6,,,,,0.04116,1
,,,0.0412,7.8,,,,,0.0412,1.2
,,,0.04124,8.2,,,,,0.04124,1.6
,,,0.04128,8.2,,,,,0.04128,1.6
,,,0.04132,8.4,,,,,0.04132,2.2
,,,0.04136,8.8,,,,,0.04136,2.6
,,,0.0414,9,,,,,0.0414,2.8
,,,0.04144,9.2,,,,,0.04144,3.2
,,,0.04148,9.4,,,,,0.04148,3.6
,,,0.04152,9.6,,,,,0.04152,3.8
,,,0.04156,9.8,,,,,0.04156,4
,,,0.0416,10,,,,,0.0416,4.4
,,,0.04164,10.2,,,,,0.04164,4.6
,,,0.04168,10.4,,,,,0.04168,4.8
,,,0.04172,10.6,,,,,0.04172,5
,,,0.04176,10.6,,,,,0.04176,5.2
,,,0.0418,10.8,,,,,0.0418,5.6
,,,0.04184,11,,,,,0.04184,5.8
,,,0.04188,11.2,,,,,0.04188,6.2
,,,0.04192,11.4,,,,,0.04192,6.2
,,,0.04196,11.6,,,,,0.04196,6.4
,,,0.042,11.8,,,,,0.042,6.6
,,,0.04204,12.2,,,,,0.04204,6.8
,,,0.04208,12.4,,,,,0.04208,7
,,,0.04212,12.6,,,,,0.04212,7.4
,,,0.04216,12.8,,,,,0.04216,7.4
,,,0.0422,13,,,,,0.0422,7.6
,,,0.04224,13.2,,,,,0.04224,7.4
,,,0.04228,13.4,,,,,0.04228,7.8
,,,0.04232,13.6,,,,,0.04232,7.8
,,,0.04236,13.8,,,,,0.04236,8
,,,0.0424,13.8,,,,,0.0424,8.2
,,,0.04244,14.2,,,,,0.04244,8.4
,,,0.04248,14.2,,,,,0.04248,8.2
,,,0.04252,14.4,,,,,0.04252,8.6
,,,0.04256,14.6,,,,,0.04256,8.6
,,,0.0426,14.8,,,,,0.0426,8.8
,,,0.04264,15,,,,,0.04264,8.6
,,,0.04268,15,,,,,0.04268,8.8
,,,0.04272,15.2,,,,,0.04272,9
,,,0.04276,15.4,,,,,0.04276,9
,,,0.0428,15.6,,,,,0.0428,9
,,,0.04284,15.6,,,,,0.04284,9
,,,0.04288,15.8,,,,,0.04288,9
,,,0.04292,15.8,,,,,0.04292,9
,,,0.04296,16,,,,,0.04296,9.2
,,,0.043,16.2,,,,,0.043,9.2
,,,0.04304,16.2,,,,,0.04304,9.2
,,,0.04308,16.4,,,,,0.04308,9.4
,,,0.04312,16.4,,,,,0.04312,9.4
,,,0.04316,16.6,,,,,0.04316,9.6
,,,0.0432,16.6,,,,,0.0432,9.4
,,,0.04324,16.8,,,,,0.04324,9.4
,,,0.04328,16.8,,,,,0.04328,9.4
,,,0.04332,16.8,,,,,0.04332,9.4
,,,0.04336,16.8,,,,,0.04336,9.6
,,,0.0434,17,,,,,0.0434,9.4
,,,0.04344,17,,,,,0.04344,9.4
,,,0.04348,17.2,,,,,0.04348,9.6
,,,0.04352,17.2,,,,,0.04352,9.6
,,,0.04356,17.2,,,,,0.04356,9.6
,,,0.0436,17.4,,,,,0.0436,9.6
,,,0.04364,17.2,,,,,0.04364,9.8
,,,0.04368,17.6,,,,,0.04368,9.8
,,,0.04372,17.6,,,,,0.04372,9.6
,,,0.04376,17.6,,,,,0.04376,9.8
,,,0.0438,17.6,,,,,0.0438,9.8
,,,0.04384,17.8,,,,,0.04384,9.8
,,,0.04388,17.8,,,,,0.04388,9.6
,,,0.04392,17.8,,,,,0.04392,9.8
,,,0.04396,17.8,,,,,0.04396,9.8
,,,0.044,17.8,,,,,0.044,9.8
,,,0.04404,17.8,,,,,0.04404,9.8
,,,0.04408,18,,,,,0.04408,9.8
,,,0.04412,18,,,,,0.04412,9.8
,,,0.04416,18,,,,,0.04416,9.8
,,,0.0442,18,,,,,0.0442,9.8
,,,0.04424,18,,,,,0.04424,9.8
,,,0.04428,18.2,,,,,0.04428,9.8
,,,0.04432,18,,,,,0.04432,9.8
,,,0.04436,18.2,,,,,0.04436,9.8
,,,0.0444,18.2,,,,,0.0444,10
,,,0.04444,18.2,,,,,0.04444,9.8
,,,0.04448,18.2,,,,,0.04448,9.8
,,,0.04452,18.2,,,,,0.04452,9.8
,,,0.04456,18.2,,,,,0.04456,10
,,,0.0446,18.2,,,,,0.0446,9.8
,,,0.04464,18.4,,,,,0.04464,10
,,,0.04468,18.4,,,,,0.04468,9.8
,,,0.04472,18.4,,,,,0.04472,10
,,,0.04476,18.4,,,,,0.04476,9.8
,,,0.0448,18.4,,,,,0.0448,10
,,,0.04484,18.4,,,,,0.04484,10
,,,0.04488,18.4,,,,,0.04488,9.8
,,,0.04492,18.4,,,,,0.04492,9.8
,,,0.04496,18.4,,,,,0.04496,9.8
,,,0.045,18.4,,,,,0.045,9.8
,,,0.04504,18.4,,,,,0.04504,9.8
,,,0.04508,18.4,,,,,0.04508,9.8
,,,0.04512,18.4,,,,,0.04512,10
,,,0.04516,18.4,,,,,0.04516,9.8
,,,0.0452,18.4,,,,,0.0452,9.8
,,,0.04524,18.4,,,,,0.04524,9.8
,,,0.04528,18.4,,,,,0.04528,10
,,,0.04532,18.4,,,,,0.04532,10
,,,0.04536,18.4,,,,,0.04536,10
,,,0.0454,18.4,,,,,0.0454,10
,,,0.04544,18.4,,,,,0.04544,10
,,,0.04548,18.4,,,,,0.04548,10
,,,0.04552,18.4,,,,,0.04552,10
,,,0.04556,18.4,,,,,0.04556,10
,,,0.0456,18.4,,,,,0.0456,10
,,,0.04564,18.4,,,,,0.04564,9.8
,,,0.04568,18.4,,,,,0.04568,9.8
,,,0.04572,18.4,,,,,0.04572,10
,,,0.04576,18.4,,,,,0.04576,9.8
,,,0.0458,18.6,,,,,0.0458,10
,,,0.04584,18.4,,,,,0.04584,9.8
,,,0.04588,18.4,,,,,0.04588,10
,,,0.04592,18.4,,,,,0.04592,10
,,,0.04596,18.4,,,,,0.04596,9.8
,,,0.046,18.4,,,,,0.046,10
,,,0.04604,18.4,18.4,10.2,9.20E+04,0.351724138,0.04604,10.2
,,,0.04608,18.2,18.2,9.8,9.10E+04,0.337931034,0.04608,9.8
,,,0.04612,18.2,18.2,9.8,9.10E+04,0.337931034,0.04612,9.8
,,,0.04616,18.2,18.2,10,9.10E+04,0.344827586,0.04616,10
,,,0.0462,18,18,10,9.00E+04,0.344827586,0.0462,10
,,,0.04624,17.8,17.8,9.8,8.90E+04,0.337931034,0.04624,9.8
,,,0.04628,17.6,17.6,10,8.80E+04,0.344827586,0.04628,10
,,,0.04632,17.6,17.6,10,8.80E+04,0.344827586,0.04632,10
,,,0.04636,17.6,17.6,10,8.80E+04,0.344827586,0.04636,10
,,,0.0464,17.2,17.2,10,8.60E+04,0.344827586,0.0464,10
,,,0.04644,17,17,9.8,8.50E+04,0.337931034,0.04644,9.8
,,,0.04648,16.8,16.8,10,8.40E+04,0.344827586,0.04648,10
,,,0.04652,16.6,16.6,9.8,8.30E+04,0.337931034,0.04652,9.8
,,,0.04656,16.4,16.4,10,8.20E+04,0.344827586,0.04656,10
,,,0.0466,16.2,16.2,9.8,8.10E+04,0.337931034,0.0466,9.8
,,,0.04664,16,16,10,8.00E+04,0.344827586,0.04664,10
,,,0.04668,16,16,9.8,8.00E+04,0.337931034,0.04668,9.8
,,,0.04672,15.8,15.8,9.8,7.90E+04,0.337931034,0.04672,9.8
,,,0.04676,15.8,15.8,9.8,7.90E+04,0.337931034,0.04676,9.8
,,,0.0468,15.6,15.6,9.8,7.80E+04,0.337931034,0.0468,9.8
,,,0.04684,15.6,15.6,9.8,7.80E+04,0.337931034,0.04684,9.8
,,,0.04688,15.4,15.4,9.8,7.70E+04,0.337931034,0.04688,9.8
,,,0.04692,15.2,15.2,9.8,7.60E+04,0.337931034,0.04692,9.8
,,,0.04696,15,15,10,7.50E+04,0.344827586,0.04696,10
,,,0.047,14.8,14.8,9.8,7.40E+04,0.337931034,0.047,9.8
,,,0.04704,14.6,14.6,10,7.30E+04,0.344827586,0.04704,10
,,,0.04708,14.6,14.6,9.8,7.30E+04,0.337931034,0.04708,9.8
,,,0.04712,14.4,14.4,9.8,7.20E+04,0.337931034,0.04712,9.8
,,,0.04716,14.2,14.2,9.8,7.10E+04,0.337931034,0.04716,9.8
,,,0.0472,14.2,14.2,9.8,7.10E+04,0.337931034,0.0472,9.8
,,,0.04724,13.8,,,,,0.04724,9.8
,,,0.04728,13.8,,,,,0.04728,9.8
,,,0.04732,13.6,,,,,0.04732,9.6
,,,0.04736,13.4,,,,,0.04736,9.8
,,,0.0474,13.2,,,,,0.0474,9.6
,,,0.04744,13,,,,,0.04744,9.8
,,,0.04748,12.6,,,,,0.04748,9.8
,,,0.04752,12.6,,,,,0.04752,9.6
,,,0.04756,12.4,,,,,0.04756,9.8
,,,0.0476,12.2,,,,,0.0476,9.6
,,,0.04764,12,,,,,0.04764,9.6
,,,0.04768,11.8,,,,,0.04768,9.6
,,,0.04772,11.6,,,,,0.04772,9.8
,,,0.04776,11.4,,,,,0.04776,9.6
,,,0.0478,11.2,,,,,0.0478,9.4
,,,0.04784,11,,,,,0.04784,9.8
,,,0.04788,10.8,,,,,0.04788,9.6
,,,0.04792,10.6,,,,,0.04792,9.6
,,,0.04796,10.6,,,,,0.04796,9.6
,,,0.048,10.2,,,,,0.048,9.6
,,,0.04804,10,,,,,0.04804,9.6
,,,0.04808,9.8,,,,,0.04808,9.6
,,,0.04812,9.6,,,,,0.04812,9.6
,,,0.04816,9.2,,,,,0.04816,9.6
,,,0.0482,9.2,,,,,0.0482,9.4
,,,0.04824,8.8,,,,,0.04824,9.4
,,,0.04828,8.8,,,,,0.04828,9.4
,,,0.04832,8.6,,,,,0.04832,9.4
,,,0.04836,8.4,,,,,0.04836,9.4
,,,0.0484,8.2,,,,,0.0484,9.4
,,,0.04844,8,,,,,0.04844,9.4
,,,0.04848,7.6,,,,,0.04848,9.4
,,,0.04852,7.4,,,,,0.04852,9.6
,,,0.04856,7.2,,,,,0.04856,9.4
,,,0.0486,7,,,,,0.0486,9.4
,,,0.04864,6.8,,,,,0.04864,9.4
,,,0.04868,6.6,,,,,0.04868,9.4
,,,0.04872,6.4,,,,,0.04872,9.4
,,,0.04876,6,,,,,0.04876,9.4
,,,0.0488,5.8,,,,,0.0488,9.4
,,,0.04884,5.8,,,,,0.04884,9.2
,,,0.04888,5.4,,,,,0.04888,9.4
,,,0.04892,5.2,,,,,0.04892,9
,,,0.04896,5,,,,,0.04896,9.2
,,,0.049,4.8,,,,,0.049,9
,,,0.04904,4.6,,,,,0.04904,9.2
,,,0.04908,4.4,,,,,0.04908,9.2
,,,0.04912,4,,,,,0.04912,9.2
,,,0.04916,4,,,,,0.04916,9.2
,,,0.0492,3.6,,,,,0.0492,9.2
,,,0.04924,3.2,,,,,0.04924,9.2
,,,0.04928,3,,,,,0.04928,9
,,,0.04932,2.8,,,,,0.04932,9.2
,,,0.04936,2.6,,,,,0.04936,9
,,,0.0494,2.4,,,,,0.0494,9
,,,0.04944,2.2,,,,,0.04944,9
,,,0.04948,1.8,,,,,0.04948,9.2
,,,0.04952,1.6,,,,,0.04952,9
,,,0.04956,1.4,,,,,0.04956,9
,,,0.0496,1.2,,,,,0.0496,8.8
,,,0.04964,1,,,,,0.04964,8.8
,,,0.04968,0.6,,,,,0.04968,8.8
,,,0.04972,0.4,,,,,0.04972,8.6
,,,0.04976,0.2,,,,,0.04976,8.8
,,,0.0498,-0.2,,,,,0.0498,8.6
,,,0.04984,-0.4,,,,,0.04984,8.6
,,,0.04988,-0.6,,,,,0.04988,8.2
,,,0.04992,-0.8,,,,,0.04992,8
,,,,,,,,,,10.2